muB/T,T [GeV],T/T_c,P [GeV^4],s [GeV^3],eps [GeV^4],Delta [GeV^4],nB [GeV^3],g^2,g,m_g [GeV],m_{u/d} [GeV],m_s [GeV]
0.0,0.155,1.0,0.00041362229142991426,0.019945669199618217,0.002677956458288,0.0014370895839982572,1.8916908e-06,39.920486,6.318266,0.84812576,0.5654172,0.5730958
0.0,0.15560403,1.003897,0.0004258154756724459,0.020428461249938638,0.0027529355167593694,0.0014754890897420317,2.2586394e-06,39.52536,6.2869196,0.8472067,0.5648045,0.57249135
0.0,0.15620805,1.0077939,0.0004383030101961428,0.020921450263454884,0.002829796006232344,0.0015148869756439155,2.6202547e-06,39.134327,6.2557435,0.8462779,0.56418526,0.57188046
0.0,0.15681209,1.0116909,0.0004510918046323684,0.021425207968035855,0.002908639764846649,0.0015553643509495436,2.9731748e-06,38.747276,6.224731,0.8453387,0.5635591,0.5712628
0.0,0.1574161,1.0155878,0.00046418814348325754,0.021940222662082315,0.002989556256746795,0.0015969918262970222,3.31508e-06,38.364082,6.1938744,0.8443883,0.5629255,0.5706377
0.0,0.15802014,1.0194848,0.00047759917207260507,0.022466977318391264,0.003072635700860138,0.0016398381846423227,3.6439442e-06,37.984642,6.163168,0.8434262,0.5622841,0.570005
0.0,0.15862416,1.0233817,0.0004913318417864069,0.023005872405150382,0.0031579552816511924,0.0016839597562919718,3.957831e-06,37.608818,6.1326027,0.84245133,0.56163424,0.5693639
0.0,0.15922819,1.0272787,0.0005053940259899604,0.023557284685565665,0.003245589794174664,0.0017294077162047826,4.256871e-06,37.23651,6.102173,0.8414631,0.5609754,0.568714
0.0,0.15983221,1.0311755,0.000519792807127512,0.02412147488471645,0.0033355958164453803,0.0017762173950628443,4.538978e-06,36.867588,6.0718684,0.8404605,0.56030697,0.56805474
0.0,0.16043624,1.0350726,0.0005345366578017538,0.024698701479758393,0.0034280302101146187,0.0018244202367093574,4.804659e-06,36.501938,6.041683,0.83944273,0.5596285,0.5673855
0.0,0.16104028,1.0389695,0.000549632965549342,0.02528910108964972,0.0035229308610279513,0.0018740319643799253,5.054734e-06,36.139477,6.011612,0.83840925,0.5589395,0.56670594
0.0,0.1616443,1.0428665,0.000565089948764111,0.0258927796855207,0.003620330165414881,0.0019250603191225484,5.2884902e-06,35.78009,5.981646,0.8373591,0.5582394,0.5660154
0.0,0.16224833,1.0467634,0.0005809156469483758,0.026509764315724913,0.0037202492976507744,0.001977502356805647,5.508314e-06,35.42372,5.951783,0.836292,0.557528,0.5653138
0.0,0.16285235,1.0506603,0.0005971174824439275,0.027139987792558756,0.003822693224333595,0.0020313407770018127,5.7148586e-06,35.070297,5.922018,0.8352075,0.556805,0.5646008
0.0,0.16345638,1.0545573,0.0006137048320300766,0.027783426695930303,0.003927673529886322,0.0020865590337960918,5.9100776e-06,34.719734,5.8923454,0.83410496,0.55606997,0.5638759
0.0,0.1640604,1.0584542,0.0006306841383270754,0.028439870992522782,0.004035172442402312,0.0021431200274210855,6.0941675e-06,34.37202,5.862766,0.8329845,0.555323,0.5631393
0.0,0.16466443,1.0623512,0.0006480643293276664,0.029109174367452847,0.004145181345708626,0.002200988357725627,6.2706717e-06,34.0271,5.8332753,0.83184594,0.55456394,0.5623908
0.0,0.16526845,1.066248,0.0006658519377290788,0.029791061412884255,0.0042576706348918525,0.002260114821704616,6.441447e-06,33.68497,5.8038754,0.83068943,0.55379295,0.56163055
0.0,0.16587248,1.070145,0.0006840558156961818,0.030485309965761154,0.004372618287417973,0.002320450840329428,6.6073553e-06,33.345596,5.7745647,0.829515,0.55301,0.56085855
0.0,0.16647652,1.0740421,0.0007026828999609405,0.031191597536134034,0.004489985646083383,0.0023819369462005618,6.7707365e-06,33.008984,5.7453446,0.82832295,0.5522153,0.560075
0.0,0.16708054,1.0779389,0.0007217392128444745,0.031909560485595186,0.0046097272720803375,0.0024445096335469142,6.9343128e-06,32.675163,5.7162194,0.82711405,0.55140936,0.5592804
0.0,0.16768457,1.081836,0.0007412336736662035,0.03263891999196947,0.004731809588978675,0.0025081085679800642,7.100279e-06,32.344116,5.6871886,0.8258884,0.55059224,0.5584748
0.0,0.16828859,1.0857328,0.000761170787298596,0.033379219332204946,0.004856170920146673,0.002572658558250885,7.2699786e-06,32.015903,5.65826,0.8246472,0.5497648,0.55765903
0.0,0.16889262,1.0896298,0.0007815594709773106,0.03413019574763388,0.004982778778009678,0.002638100365077746,7.445311e-06,31.69051,5.6294327,0.82339066,0.54892707,0.55683315
0.0,0.16949664,1.0935267,0.0008024041601169421,0.03489138422766174,0.005111568251064957,0.002704355770714131,7.627757e-06,31.368002,5.600714,0.8221199,0.5480799,0.5559981
0.0,0.17010067,1.0974237,0.0008237119252673507,0.0356624471641839,0.005242494375032464,0.0027713585992304116,7.819236e-06,31.048407,5.5721097,0.8208358,0.5472239,0.55515426
0.0,0.17070471,1.1013207,0.0008454887835377199,0.03644301191325878,0.005375504905655082,0.0028390385550419225,8.021977e-06,30.73175,5.5436225,0.8195393,0.54635954,0.5543023
0.0,0.17130873,1.1052176,0.0008677388255991785,0.03723266647538828,0.005510541836574845,0.002907325359777309,8.237086e-06,30.418116,5.515262,0.81823164,0.54548776,0.553443
0.0,0.17191276,1.1091145,0.0008904692070571636,0.03803110100655454,0.005647562315417853,0.0029761546942463626,8.465843e-06,30.107512,5.487031,0.81691366,0.5446091,0.552577
0.0,0.17251678,1.1130115,0.0009136842150949747,0.03883795139278398,0.005786514027637524,0.0030454613823525994,8.708247e-06,29.799986,5.458936,0.81558645,0.5437243,0.55170494
0.0,0.17312081,1.1169084,0.0009373892262616936,0.039652884040485316,0.005927350240378659,0.0031151825615935787,8.967582e-06,29.49559,5.4309845,0.8142513,0.5428342,0.55082774
0.0,0.17372483,1.1208054,0.0009615885976509131,0.04047559098061316,0.006070026570701437,0.0031852607777486976,9.242018e-06,29.194366,5.403181,0.8129092,0.5419395,0.54994607
0.0,0.17432886,1.1247023,0.000986287536703148,0.04130579327864225,0.006214504466516502,0.0032556418564070573,9.533889e-06,28.896349,5.3755326,0.81156147,0.541041,0.54906064
0.0,0.17493288,1.1285993,0.001011489735932525,0.04214320139174604,0.006360741948228721,0.003326272740431146,9.8435885e-06,28.601585,5.348045,0.81020916,0.54013944,0.5481723
0.0,0.17553692,1.1324962,0.0010372001599450523,0.04298758696771358,0.006508708268029295,0.0033971077881941383,1.01703945e-05,28.310104,5.320724,0.8088534,0.53923565,0.54728174
0.0,0.17614095,1.1363932,0.00106342281966179,0.04383873250041974,0.006658373131620876,0.0034681046726355064,1.051562e-05,28.02194,5.2935753,0.8074954,0.53833026,0.5463897
0.0,0.17674497,1.1402901,0.0010901608456820046,0.044696408064191145,0.006809704353887057,0.0035392218168410427,1.08779395e-05,27.737118,5.266604,0.80613613,0.5374241,0.5454969
0.0,0.177349,1.1441871,0.0011174198813701931,0.04556049325234485,0.006962688089709457,0.0036104284455988774,1.1257458e-05,27.45566,5.2398148,0.80477655,0.5365177,0.54460394
0.0,0.17795302,1.148084,0.0011452016647054775,0.04643077686232832,0.00711729528673627,0.0036816902926198377,1.1654094e-05,27.177597,5.213214,0.803418,0.5356119,0.5437117
0.0,0.17855705,1.151981,0.0011735115621729368,0.04730718897966058,0.00727352069760584,0.0037529860110870296,1.2068115e-05,26.902937,5.1868043,0.80206114,0.5347074,0.5428207
0.0,0.17916107,1.1558778,0.0012023525118765891,0.048189592285495665,0.007431346490506031,0.0038242889548762635,1.2497437e-05,26.63169,5.16059,0.800707,0.53380466,0.54193145
0.0,0.1797651,1.1597749,0.0012317285602302772,0.049077935446340155,0.007590771670610952,0.0038955859899201203,1.2941243e-05,26.363863,5.1345754,0.7993566,0.5329044,0.54104465
0.0,0.18036912,1.1636717,0.0012616423426526006,0.04997213543591076,0.007751787941161603,0.003966860913203802,1.3397991e-05,26.099472,5.108764,0.79801065,0.5320071,0.5401609
0.0,0.18097316,1.1675688,0.0012920987980761128,0.0508721719174465,0.007914398771853126,0.004038102377624787,1.38689775e-05,25.8385,5.0831585,0.79666996,0.5311133,0.5392806
0.0,0.18157719,1.1714658,0.0013231003747323587,0.051778019909809396,0.008078607023440376,0.0041093058992433,1.4352406e-05,25.580956,5.0577617,0.79533535,0.5302236,0.5384044
0.0,0.18218121,1.1753626,0.0013546503202892753,0.052689651501451606,0.008244414109199627,0.0041804631483318005,1.4845412e-05,25.326826,5.0325766,0.7940075,0.52933836,0.5375326
0.0,0.18278524,1.1792597,0.001386753197213431,0.05360712987365512,0.008411839052336334,0.0042515794606960405,1.5347927e-05,25.076101,5.007604,0.79268706,0.52845806,0.5366658
0.0,0.18338926,1.1831565,0.0014194113413090936,0.05453042647953822,0.008580883292688413,0.004322649268761132,1.5858808e-05,24.828764,4.9828467,0.79137456,0.52758306,0.5358042
0.0,0.1839933,1.1870536,0.0014526304691217567,0.05545965170434303,0.008751573578366867,0.004393682171001597,1.6374399e-05,24.58478,4.958304,0.7900704,0.5267136,0.5349481
0.0,0.18459731,1.1909504,0.0014864109814168708,0.05639478519971838,0.008923914856451498,0.004464681912200886,1.6896764e-05,24.34416,4.93398,0.7887755,0.52585036,0.53409815
0.0,0.18520135,1.1948473,0.0015207595351191393,0.057335934930799096,0.009097932838358469,0.004535654233001051,1.7421893e-05,24.10685,4.9098725,0.7874899,0.5249933,0.5332543
0.0,0.18580537,1.1987443,0.0015556769525358863,0.058283131422690634,0.00927364158063293,0.00460661072302527,1.794904e-05,23.872847,4.885985,0.7862144,0.5241429,0.5324172
0.0,0.1864094,1.2026412,0.0015911695334709756,0.05923650292308848,0.00945107137015283,0.0046775627697399035,1.8476925e-05,23.642097,4.862314,0.784949,0.52329934,0.5315867
0.0,0.18701343,1.2065383,0.0016272398665750053,0.06019610004135348,0.0096302394182613,0.0047485198185362835,1.9004414e-05,23.41458,4.8388615,0.7836942,0.5224628,0.5307632
0.0,0.18761745,1.2104352,0.001663890541700519,0.061161973513312054,0.009811163024093239,0.004819491398991682,1.952894e-05,23.19027,4.8156276,0.7824503,0.52163357,0.529947
0.0,0.18822148,1.2143321,0.0017011281823789833,0.06213428288536606,0.009993878775843568,0.0048904942287066175,2.0050686e-05,22.96911,4.79261,0.7812174,0.5208116,0.52913797
0.0,0.1888255,1.218229,0.001738953556060344,0.06311307362634622,0.010178404316785183,0.004961543648604152,2.0566698e-05,22.75109,4.76981,0.77999604,0.5199973,0.5283365
0.0,0.18942954,1.222126,0.0017773729590032426,0.06409846615665131,0.010364769772965523,0.005032650895955794,2.1078375e-05,22.536148,4.7472253,0.77878606,0.5191907,0.52754265
0.0,0.19003356,1.226023,0.0018163891013560128,0.06509051632833689,0.010552993115309661,0.005103825811241623,2.1581052e-05,22.324255,4.724855,0.7775878,0.51839185,0.52675647
0.0,0.19063759,1.2299199,0.0018560071339144594,0.06608936069015585,0.010743109213628088,0.00517508781188471,2.2075523e-05,22.115368,4.7026978,0.77640134,0.5176009,0.525978
0.0,0.19124162,1.2338169,0.001896231027887614,0.06709509077352664,0.010935142957941846,0.005246449874279004,2.2560715e-05,21.909441,4.6807523,0.77522665,0.5168178,0.52520746
0.0,0.19184564,1.2377138,0.0019370630269366289,0.06810774070492961,0.0111291101143412,0.005317921033531315,2.303561e-05,21.70645,4.659018,0.7740642,0.51604277,0.5244448
0.0,0.19244967,1.2416108,0.0019785097992175934,0.06912746221363829,0.011325047768954823,0.005389518371302042,2.3497323e-05,21.50633,4.6374917,0.77291363,0.5152758,0.5236901
0.0,0.1930537,1.2455077,0.0020205743990816005,0.0701542943960538,0.011522971184369735,0.005461247987124933,2.3947037e-05,21.309048,4.6161723,0.77177507,0.5145167,0.5229433
0.0,0.19365773,1.2494047,0.0020632618016989722,0.07118835390666699,0.011722912937067731,0.005533127531970814,2.4384559e-05,21.114561,4.5950584,0.7706487,0.5137658,0.5222045
0.0,0.19426174,1.2533016,0.002106574685938728,0.07222967794958574,0.011924888565774118,0.005605164507957934,2.4805639e-05,20.922827,4.5741477,0.7695345,0.513023,0.5214737
0.0,0.19486578,1.2571986,0.002150519796057934,0.07327839215957019,0.01212893110919605,0.0056773717210222485,2.5215504e-05,20.7338,4.553438,0.7684324,0.5122883,0.52075094
0.0,0.1954698,1.2610954,0.0021951005897005126,0.07433455261357179,0.012335059294305228,0.005749757525203691,2.560892e-05,20.547436,4.532928,0.7673422,0.51156145,0.5200359
0.0,0.19607383,1.2649925,0.0022403218552017414,0.07539823371882616,0.012543298614913214,0.005822333049307989,2.5987241e-05,20.363688,4.5126143,0.76626414,0.51084274,0.51932895
0.0,0.19667786,1.2688894,0.0022861878396776714,0.07646949470797063,0.012753669009894608,0.005895105490861594,2.6348907e-05,20.182524,4.4924965,0.76519805,0.510132,0.51862985
0.0,0.19728188,1.2727864,0.002332702620773316,0.07754837534663594,0.012966186826593342,0.005968078964273394,2.6694155e-05,20.003893,4.4725714,0.7641438,0.5094292,0.51793855
0.0,0.19788592,1.2766833,0.0023798720240226336,0.07863496625014674,0.013180880273473528,0.006041264201405627,2.7023405e-05,19.827757,4.452837,0.7631015,0.50873435,0.5172551
0.0,0.19848993,1.2805802,0.0024276995197342753,0.07972929745965811,0.013397763487324577,0.00611466492812175,2.733523e-05,19.654072,4.4332914,0.7620709,0.5080473,0.5165794
0.0,0.19909397,1.2844772,0.00247619078196392,0.08083142883325276,0.01361685909738175,0.006188286751489991,2.763305e-05,19.4828,4.4139323,0.76105213,0.5073681,0.51591146
0.0,0.19969799,1.2883741,0.002525348873282033,0.08194138835778945,0.013838181371900737,0.006262134752054639,2.7912483e-05,19.3139,4.394758,0.760045,0.5066967,0.51525116
0.0,0.20030202,1.2922711,0.0025751820446527373,0.08305928584819734,0.014061760666852384,0.006336214532894171,2.8177348e-05,19.147322,4.3757653,0.7590493,0.5060328,0.51459837
0.0,0.20090604,1.296168,0.002625690667216292,0.08418506874474092,0.014287597976981203,0.006410525975332327,2.8424358e-05,18.98304,4.356953,0.7580651,0.50537676,0.5139532
0.0,0.20151007,1.3000649,0.00267688412244493,0.08531888204432711,0.014515729920317355,0.006485077552982565,2.8656115e-05,18.821001,4.338318,0.7570922,0.5047281,0.5133154
0.0,0.20211409,1.3039619,0.002728762105797757,0.08646064010209736,0.014746151517220694,0.0065598651998274235,2.887163e-05,18.661186,4.3198595,0.7561307,0.5040871,0.5126851
0.0,0.20271812,1.3078588,0.0027813336467273166,0.08761045609494282,0.014978893637541233,0.006634892697359283,2.9073019e-05,18.503542,4.301574,0.7551803,0.50345355,0.5120622
0.0,0.20332214,1.3117558,0.002834602132416002,0.08876835206988017,0.015213969384429092,0.0067101629871810856,2.9258981e-05,18.348032,4.28346,0.7542409,0.5028272,0.5114464
0.0,0.20392618,1.3156527,0.0028885722948173783,0.08993431540850973,0.015451388722576231,0.006785671838124096,2.9430947e-05,18.194628,4.2655163,0.7533125,0.50220835,0.51083803
0.0,0.20453021,1.3195497,0.0029432498198981973,0.0911084081998445,0.015691171978470253,0.00686142251877566,2.958913e-05,18.043283,4.247739,0.752395,0.5015967,0.5102367
0.0,0.20513423,1.3234466,0.002998637589413106,0.09229061175573543,0.015933325792924502,0.006937413024685184,2.9733865e-05,17.893978,4.2301273,0.7514883,0.5009922,0.5096425
0.0,0.20573826,1.3273436,0.0030547433764837096,0.09348098765226888,0.016177872491631606,0.007013642362180477,2.9867815e-05,17.746664,4.212679,0.75059223,0.5003948,0.5090552
0.0,0.20634228,1.3312405,0.0031115692521451114,0.09467952170267559,0.01642481911687188,0.0070901113604365466,2.9989986e-05,17.601313,4.1953917,0.74970675,0.49980447,0.50847495
0.0,0.20694631,1.3351375,0.003169122759566961,0.09588626666785968,0.016674186631232768,0.007166818352531886,3.0100467e-05,17.457891,4.178264,0.7488317,0.49922115,0.50790155
0.0,0.20755033,1.3390344,0.003227406354179552,0.09710117298943827,0.016925974332530958,0.007243755269992302,3.0200601e-05,17.316368,4.161294,0.74796706,0.4986447,0.507335
0.0,0.20815437,1.3429314,0.003286428008267245,0.09832433994354525,0.017180212578055354,0.007320928553253619,3.0292362e-05,17.176704,4.144479,0.74711263,0.4980751,0.50677514
0.0,0.20875838,1.3468282,0.0033461888560669282,0.0995556967291727,0.017436897510047396,0.007398330941846613,3.037748e-05,17.038881,4.127818,0.7462685,0.49751234,0.50622207
0.0,0.20936242,1.3507253,0.0034066981444048623,0.10079534103878962,0.017696058124129666,0.007475963690915079,3.0451658e-05,16.902855,4.111308,0.74543434,0.49695623,0.50567555
0.0,0.20996645,1.3546222,0.003467958004332886,0.1020431833242009,0.01795768703981238,0.007553813026813721,3.0520747e-05,16.768606,4.094949,0.7446103,0.49640685,0.50513566
0.0,0.21057047,1.3585192,0.0035299734977971998,0.10329928967320862,0.018221806427565768,0.007631885934174168,3.058625e-05,16.636099,4.0787373,0.743796,0.495864,0.5046022
0.0,0.2111745,1.3624161,0.00359275082702757,0.10456366836337119,0.01848842986820054,0.0077101773871178295,3.0645515e-05,16.505308,4.0626726,0.7429917,0.49532777,0.5040752
0.0,0.21177852,1.366313,0.003656293241065623,0.10583628854925131,0.018757559472940773,0.007788679749743906,3.0701638e-05,16.376205,4.0467525,0.742197,0.49479797,0.5035547
0.0,0.21238256,1.37021,0.003720607902766244,0.10711721500677832,0.019029219905707606,0.007867396197408874,3.0756026e-05,16.24876,4.030975,0.741412,0.49427468,0.50304043
0.0,0.21298657,1.3741069,0.0037856977381203307,0.10840639299980157,0.01930340846074119,0.007946315246380196,3.0807983e-05,16.12295,4.0153394,0.7406365,0.49375767,0.5025325
0.0,0.2135906,1.378004,0.0038515708084082296,0.10970389873375906,0.01958015151756687,0.00802543909234218,3.0860785e-05,15.998738,3.9998422,0.7398704,0.49324694,0.5020307
0.0,0.21419464,1.3819009,0.003918228737945696,0.11100964773827243,0.019859442853298433,0.008104756639461346,3.0914918e-05,15.876114,3.9844842,0.73911387,0.49274257,0.5015351
0.0,0.21479866,1.3857977,0.0039856775400238,0.11232371772099047,0.020141306410024873,0.008184273789953473,3.097177e-05,15.755039,3.969262,0.7383665,0.4922443,0.5010456
0.0,0.2154027,1.3896948,0.004053923787510644,0.11364609562835738,0.02042575120935752,0.00826397984682559,3.1031603e-05,15.635496,3.9541745,0.73762834,0.4917522,0.5005622
0.0,0.21600671,1.3935916,0.004122969335225681,0.11497676648230278,0.02071278384844666,0.008343875842769615,3.1093554e-05,15.51746,3.9392207,0.7368994,0.49126628,0.50008476
0.0,0.21661074,1.3974887,0.004192823836489935,0.11631575366262487,0.02100241817256121,0.008423946663091406,3.1161955e-05,15.400897,3.9243977,0.73617935,0.49078625,0.49961323
0.0,0.21721476,1.4013855,0.004263486588311892,0.1176630527503943,0.02129466554807946,0.008504205783143787,3.123882e-05,15.285801,3.9097059,0.7354685,0.49031234,0.4991477
0.0,0.2178188,1.4052825,0.004334968546548584,0.11901869286819398,0.021589539911033295,0.008584634271387543,3.1321273e-05,15.172132,3.895142,0.7347664,0.48984426,0.49868792
0.0,0.21842282,1.4091794,0.0044072688620308085,0.12038261687340818,0.021887041217043435,0.00866523463095101,3.1416e-05,15.059882,3.8807063,0.7340733,0.4893822,0.49823406
0.0,0.21902685,1.4130764,0.004480397510865844,0.12175490125798266,0.022187194822262283,0.00874600228966475,3.1518342e-05,14.9490185,3.866396,0.7333889,0.48892596,0.49778593
0.0,0.21963088,1.4169735,0.004554358928535535,0.12313557873674746,0.022490016852725114,0.00882694006711851,3.163471e-05,14.839518,3.8522093,0.7327131,0.48847538,0.4973434
0.0,0.2202349,1.4208703,0.004629153961917331,0.12452453166329744,0.022795493905277686,0.008908032019525693,3.176058e-05,14.731372,3.838147,0.732046,0.48803067,0.4969066
0.0,0.22083893,1.4247673,0.004704792939617835,0.12592187495170498,0.0231036597150569,0.008989280896203395,3.190251e-05,14.624545,3.8242052,0.7313874,0.4875916,0.49647537
0.0,0.22144295,1.4286642,0.004781275451100405,0.12732753883842846,0.023414510715940584,0.009070684362639369,3.2060118e-05,14.519032,3.8103848,0.7307374,0.48715827,0.4960498
0.0,0.22204699,1.4325612,0.004858612881234537,0.12874162781358356,0.0237280775761205,0.009152238932416889,3.2232372e-05,14.414795,3.7966821,0.7300956,0.48673043,0.49562967
0.0,0.222651,1.4364581,0.004936803768869526,0.13016402276322347,0.024044346687034587,0.009233935380426009,3.2422307e-05,14.311831,3.7830982,0.7294624,0.48630828,0.4952151
0.0,0.22325504,1.4403551,0.005015859107990329,0.13159489317956902,0.024363363803820984,0.00931578647985,3.2632677e-05,14.21011,3.76963,0.7288373,0.48589158,0.49480587
0.0,0.22385906,1.444252,0.005095779287165223,0.13303407620935503,0.02468510353936537,0.009397765677869704,3.2862867e-05,14.109616,3.7562768,0.7282205,0.48548034,0.49440208
0.0,0.22446309,1.448149,0.005176573068374321,0.13448173105888447,0.02500961187407169,0.009479892668948726,3.311347e-05,14.01033,3.7430375,0.72761184,0.48507458,0.49400362
0.0,0.22506712,1.4520459,0.005258243793733789,0.13593778852960103,0.025336883282375045,0.009562151901173679,3.3385648e-05,13.912235,3.7299109,0.7270113,0.4846742,0.4936105
0.0,0.22567114,1.4559429,0.005340794750106113,0.1374022463354715,0.02566692714046148,0.009644542890143139,3.3682198e-05,13.815314,3.7168958,0.72641873,0.4842792,0.49322262
0.0,0.22627518,1.4598398,0.005424234679056086,0.13887516636941027,0.025999768006805816,0.009727063969637559,3.400246e-05,13.719546,3.7039907,0.7258342,0.48388946,0.49284
0.0,0.2268792,1.4637368,0.005508565299060869,0.1403565409004029,0.02633541362622505,0.009809717729042444,3.435096e-05,13.624916,3.6911943,0.72525746,0.483505,0.49246252
0.0,0.22748323,1.4676337,0.005593793994947342,0.14184635110474006,0.02667387181296244,0.009892489828120413,3.4724326e-05,13.531407,3.6785061,0.72468877,0.48312584,0.49209026
0.0,0.22808725,1.4715306,0.005679924610315721,0.14334467316996574,0.027015167181709824,0.009975393350762661,3.5126937e-05,13.439001,3.6659243,0.72412765,0.4827518,0.491723
0.0,0.22869128,1.4754276,0.005766964386899582,0.14485149485808904,0.027359309365909024,0.010058416205210276,3.555756e-05,13.347681,3.6534479,0.72357434,0.4823829,0.49136087
0.0,0.2292953,1.4793245,0.005854913792785218,0.14636675840526944,0.027706295759955975,0.010141554381600321,3.601976e-05,13.257438,3.6410766,0.7230288,0.4820192,0.4910038
0.0,0.22989933,1.4832215,0.005943784206333489,0.14789062591737856,0.028056171890382006,0.010224819271381538,3.651291e-05,13.168243,3.6288075,0.7224907,0.4816605,0.4906517
0.0,0.23050337,1.4871185,0.006033577888515695,0.14942304574959603,0.028408937024703818,0.010308203359156734,3.703888e-05,13.0800905,3.6166408,0.7219602,0.48130682,0.4903045
0.0,0.23110738,1.4910153,0.006124297562767688,0.1509639311605429,0.028764581641036013,0.010391688952732948,3.7598867e-05,12.992962,3.6045752,0.7214372,0.48095813,0.48996222
0.0,0.23171142,1.4949124,0.0062159520954454045,0.15251346274743321,0.029123158535926397,0.010475302249590184,3.819278e-05,12.906844,3.5926096,0.7209217,0.48061445,0.48962486
0.0,0.23231544,1.4988092,0.006308542340103434,0.15407151012014889,0.02948464770949899,0.010559020689188688,3.8822076e-05,12.821723,3.5807433,0.7204136,0.48027572,0.48929235
0.0,0.23291947,1.5027063,0.00640207955125855,0.15563821921268423,0.02984909189790974,0.010642853244134092,3.949104e-05,12.7375765,3.5689743,0.71991277,0.47994182,0.48896462
0.0,0.23352349,1.5066031,0.006496562898158179,0.1572135567516188,0.030216495242399333,0.010726806547924794,4.0195042e-05,12.654401,3.5573025,0.7194192,0.4796128,0.48864168
0.0,0.23412752,1.5105001,0.006592004115440787,0.15879758102781702,0.030586879953162338,0.010810867606839976,4.0941373e-05,12.572172,3.5457258,0.71893275,0.4792885,0.48832336
0.0,0.23473155,1.5143971,0.006688404209224507,0.1603902350832543,0.03096024507628492,0.0108950324486114,4.172434e-05,12.490881,3.534244,0.71845347,0.47896898,0.48800978
0.0,0.23533557,1.518294,0.006785764726599003,0.16199156877793813,0.031336614022675624,0.010979319842878615,4.2552503e-05,12.410522,3.5228572,0.7179815,0.47865433,0.48770094
0.0,0.2359396,1.522191,0.006884099653031363,0.16360161974389967,0.031716002217865746,0.011063703258771658,4.342052e-05,12.331065,3.5115616,0.71751636,0.47834423,0.4873966
0.0,0.23654363,1.5260879,0.006983406845090049,0.16522042391375275,0.03209843124951206,0.011148210714241914,4.433079e-05,12.252512,3.5003588,0.71705824,0.47803885,0.4870969
0.0,0.23714766,1.5299848,0.007083696479896131,0.16684795777250985,0.03248390612535346,0.011232816685665063,4.5286117e-05,12.174839,3.4892461,0.71660715,0.47773808,0.4868017
0.0,0.23775168,1.5338818,0.007184968514881523,0.16848423651262306,0.032872441370597194,0.011317535825952626,4.628787e-05,12.098047,3.4782248,0.716163,0.47744197,0.48651114
0.0,0.23835571,1.5377787,0.0072872356189476566,0.1701293958404073,0.03326407750602889,0.011402370649185919,4.733423e-05,12.022106,3.4672909,0.7157255,0.47715032,0.48622492
0.0,0.23895973,1.5416757,0.007390496182199928,0.17178329541161838,0.0336587936514361,0.011487305104836316,4.8427828e-05,11.947017,3.4564457,0.71529484,0.4768632,0.48594317
0.0,0.23956376,1.5455726,0.007494760527845914,0.17344610552087383,0.034056641212995224,0.011572359629457483,4.9569535e-05,11.872761,3.4456873,0.71487087,0.4765806,0.48566586
0.0,0.2401678,1.5494696,0.007600033118542628,0.1751177838442292,0.0344576191748649,0.011657519819237017,5.0760398e-05,11.799326,3.4350147,0.7144535,0.4763024,0.48539284
0.0,0.24077182,1.5533665,0.007706314200674992,0.17679833021575672,0.03486174068630343,0.011742798084278458,5.2003455e-05,11.726707,3.424428,0.71404296,0.47602862,0.4851242
0.0,0.24137585,1.5572635,0.007813615763221211,0.17848781716601775,0.03526903257907877,0.011828185289415136,5.3296346e-05,11.654888,3.4139256,0.7136389,0.47575924,0.48485988
0.0,0.24197987,1.5611604,0.007921938869896207,0.1801862051766618,0.03567949513361457,0.011913678523925948,5.4638305e-05,11.583858,3.4035068,0.7132412,0.47549418,0.4845998
0.0,0.2425839,1.5650574,0.008031291344807078,0.18189362375185836,0.03609317341557228,0.011999299381151043,5.6036588e-05,11.513606,3.3931706,0.7128502,0.4752335,0.484344
0.0,0.24318792,1.5689543,0.008141676998038755,0.18361001499800167,0.03651006050445215,0.012085029510335889,5.7485355e-05,11.4441185,3.3829157,0.71246547,0.474977,0.48409232
0.0,0.24379195,1.5728513,0.00825310508220102,0.18533545444359742,0.03693018726656194,0.012170872019958881,5.8989513e-05,11.375387,3.3727417,0.71208704,0.4747247,0.4838448
0.0,0.24439597,1.5767481,0.008365574840969503,0.18706993996781252,0.03735356483816333,0.01225684031525482,6.0550894e-05,11.307403,3.3626482,0.711715,0.47447664,0.48360142
0.0,0.245,1.5806452,0.008479094966231594,0.18881347014327343,0.03778020611920318,0.012342921220508396,6.216712e-05,11.240156,3.3526342,0.7113493,0.47423288,0.48336226
1.0,0.155,1.0,0.0004478281436107867,0.02170023108238286,0.0029882394368323517,0.0016447550059999917,0.00046794667,38.57223,6.2106547,0.83836025,0.55890685,0.5666737
1.0,0.15560403,1.003897,0.0004613730262200578,0.022198436082619497,0.0030680082504690454,0.0016838891718088719,0.00048337472,38.16201,6.177541,0.83713996,0.5580933,0.56587136
1.0,0.15620805,1.0077939,0.0004752308165171207,0.02270528698663691,0.003149449617817518,0.0017237571682661558,0.00049889716,37.7576,6.144721,0.83592474,0.55728316,0.56507236
1.0,0.15681209,1.0116909,0.0004894068809255827,0.0232216634760093,0.0032327118276596623,0.0017644911848829143,0.0005145088,37.358868,6.1121902,0.83471453,0.55647635,0.5642767
1.0,0.1574161,1.0155878,0.0005039072646434395,0.023748411315781388,0.003317937951876626,0.0018062161579463078,0.00053020497,36.965637,6.0799375,0.8335082,0.5556721,0.5634836
1.0,0.15802014,1.0194848,0.0005187389527303685,0.02428633599409863,0.0034052680443741328,0.0018490511861830273,0.0005459862,36.57773,6.047952,0.83230484,0.5548699,0.56269246
1.0,0.15862416,1.0233817,0.0005339085408158264,0.02483612771606488,0.003494824377377692,0.001893098754930213,0.00056185067,36.194946,6.0162234,0.8311031,0.55406874,0.5619025
1.0,0.15922819,1.0272787,0.000549423824385344,0.02539842673075388,0.0035867240720547366,0.0019384525988987047,0.00057780195,35.817112,5.98474,0.82990205,0.553268,0.56111294
1.0,0.15983221,1.0311755,0.0005652915283206558,0.025973716499080066,0.003681059962767796,0.0019851853778058287,0.0005938415,35.444042,5.95349,0.82870036,0.5524669,0.56032306
1.0,0.16043624,1.0350726,0.0005815215438169588,0.026562461302223436,0.0037779222031755215,0.002033357571724645,0.000609976,35.0755,5.922457,0.8274962,0.5516641,0.5595315
1.0,0.16104028,1.0389695,0.0005981206092095643,0.027164914306515398,0.0038773693594715275,0.002083007531842835,0.00062620774,34.711346,5.8916335,0.8262887,0.55085915,0.55873793
1.0,0.1616443,1.0428665,0.0006150973471038694,0.027781271090361694,0.003979449977623978,0.0021341579363123695,0.0006425426,34.351406,5.861007,0.8250766,0.55005103,0.5579412
1.0,0.16224833,1.0467634,0.0006324606967396463,0.028411651248316922,0.004084201409123994,0.0021868193189050556,0.0006589848,33.995514,5.8305674,0.82385856,0.54923904,0.5571407
1.0,0.16285235,1.0506603,0.0006502187027812951,0.029056028183014608,0.004191636834122159,0.0022409807257782735,0.00067553925,33.643536,5.800305,0.8226336,0.5484224,0.5563357
1.0,0.16345638,1.0545573,0.0006683810736201096,0.029714361241636067,0.00430176728310927,0.0022966240622489414,0.00069221173,33.295307,5.7702084,0.8214006,0.5476004,0.55552536
1.0,0.1640604,1.0584542,0.0006869543437049905,0.030386423657176254,0.004414573992134768,0.002353710961019797,0.0007090044,32.950783,5.7402773,0.8201594,0.5467729,0.5547097
1.0,0.16466443,1.0623512,0.0007059486858723318,0.031072042497934705,0.004530045127464105,0.0024121990698471097,0.00072592223,32.609806,5.7105,0.81890875,0.54593915,0.5538879
1.0,0.16526845,1.066248,0.0007253707543566389,0.031770897789206796,0.0046481452536455406,0.002472032990575624,0.0007429666,32.27233,5.6808743,0.81764865,0.54509914,0.55305994
1.0,0.16587248,1.070145,0.0007452297070132816,0.032482684667410396,0.004768840293952636,0.0025331511729127917,0.00076014054,31.938282,5.6513963,0.81637883,0.5442525,0.55222553
1.0,0.16647652,1.0740421,0.0007655331243512771,0.03320703730473568,0.00489208522395007,0.002595485850896239,0.00077744544,31.607592,5.622063,0.8150989,0.5433992,0.55138457
1.0,0.16708054,1.0779389,0.000786286923877567,0.03394350136007491,0.005017820712018423,0.002658959940385722,0.0007948815,31.280264,5.592876,0.81380934,0.5425396,0.5505374
1.0,0.16768457,1.081836,0.0008075012599866038,0.034691765506970715,0.005146008016054305,0.0027235042360944936,0.000812451,30.95621,5.5638304,0.8125098,0.5416732,0.54968363
1.0,0.16828859,1.0857328,0.0008291804336295804,0.03545130965750617,0.00527657555368366,0.002789034252794919,0.00083015213,30.635471,5.534932,0.8112011,0.54080075,0.54882395
1.0,0.16889262,1.0896298,0.0008513331107960317,0.036221762592123105,0.005409473899326223,0.0028554745669381277,0.00084798585,30.317997,5.506178,0.8098835,0.5399223,0.5479583
1.0,0.16949664,1.0935267,0.0008739647820410058,0.037002655579102164,0.005544636784346357,0.00292274243822334,0.0008659508,30.0038,5.4775724,0.80855733,0.53903824,0.54708725
1.0,0.17010067,1.0974237,0.0008970825150034413,0.037793601729313064,0.005682011354951665,0.0029907638099413414,0.0008840455,29.692883,5.4491177,0.8072235,0.538149,0.5462111
1.0,0.17070471,1.1013207,0.000920692146566443,0.038594155848357944,0.005821533571489791,0.0030594571317904616,0.0009022694,29.38524,5.4208155,0.8058825,0.537255,0.54533035
1.0,0.17130873,1.1052176,0.000944798006504725,0.03940388615365786,0.005963141944944738,0.0031287479254305628,0.000920621,29.080923,5.392673,0.8045355,0.536357,0.54444563
1.0,0.17191276,1.1091145,0.0009694077280073993,0.04022246427924673,0.006106790167571651,0.003198566983549453,0.00093909877,28.77991,5.364691,0.80318284,0.5354552,0.54355735
1.0,0.17251678,1.1130115,0.0009945251711659267,0.04104947453341746,0.006252417584594661,0.0032688420710968802,0.00095770205,28.482233,5.336875,0.8018257,0.5345504,0.542666
1.0,0.17312081,1.1169084,0.0010201564699375595,0.04188461297853704,0.006399981789391939,0.0033395123795792606,0.00097642833,28.187902,5.309228,0.8004648,0.5336432,0.54177237
1.0,0.17372483,1.1208054,0.0010463052843691866,0.04272751853454911,0.0065494297699715265,0.0034105139168639667,0.000995276,27.89694,5.2817554,0.79910123,0.53273416,0.540877
1.0,0.17432886,1.1247023,0.0010729773110435663,0.043577921741008045,0.006700724496095711,0.0034817925629650123,0.0010142453,27.60937,5.254462,0.7977359,0.53182393,0.53998053
1.0,0.17493288,1.1285993,0.0011001764688928653,0.04443552253907815,0.006853821611513544,0.003553292204834948,0.0010333337,27.325201,5.227351,0.7963697,0.5309131,0.5390835
1.0,0.17553692,1.1324962,0.001127907572860255,0.045300105817163316,0.007008693171896119,0.003624970453315354,0.0010525415,27.044445,5.2004275,0.7950036,0.5300024,0.53818655
1.0,0.17614095,1.1363932,0.0011561747899311915,0.04617144311821588,0.007165306438515984,0.0036967820687224093,0.0010718656,26.767115,5.1736946,0.7936385,0.5290923,0.53729033
1.0,0.17674497,1.1402901,0.0011849815431274435,0.04704930551323752,0.007323629646254659,0.0037686850168723285,0.0010913081,26.493227,5.147157,0.79227525,0.52818346,0.5363954
1.0,0.177349,1.1441871,0.0012143322342073452,0.04793355361860725,0.007483646668654753,0.0038406499660327176,0.0011108664,26.222784,5.1208186,0.7909149,0.52727664,0.53550243
1.0,0.17795302,1.148084,0.0012442303836858737,0.0488240378644367,0.007645337597550705,0.003912646446493084,0.00113054,25.955793,5.0946827,0.78955823,0.52637213,0.5346119
1.0,0.17855705,1.151981,0.001274681475413525,0.04972066210142614,0.007808693396291532,0.0039846489700509575,0.0011503324,25.69224,5.0687513,0.78820574,0.5254705,0.5337242
1.0,0.17916107,1.1558778,0.001305687120413284,0.05062329215381161,0.007973697344851871,0.004056635983612019,0.0011702385,25.432137,5.0430284,0.78685856,0.5245724,0.53283995
1.0,0.1797651,1.1597749,0.0013372521119524897,0.05153187266173065,0.008140347818633042,0.004128591482775573,0.0011902611,25.175474,5.0175166,0.7855174,0.5236783,0.5319598
1.0,0.18036912,1.1636717,0.001369378903563941,0.052446315293458945,0.008308635968687916,0.004200499257996093,0.0012104008,24.922253,4.9922194,0.784183,0.5227887,0.53108406
1.0,0.18097316,1.1675688,0.0014020736872554032,0.05336665431774652,0.008478574078661372,0.004272353016895162,0.0012306568,24.672432,4.967135,0.78285575,0.5219038,0.530213
1.0,0.18157719,1.1714658,0.0014353373792316405,0.05429279232503518,0.00865015382576323,0.004344141688068308,0.0012510299,24.426027,4.9422693,0.78153664,0.5210244,0.5293474
1.0,0.18218121,1.1753626,0.0014691743239451315,0.0552247590130768,0.008823386456105364,0.0044158634842699695,0.0012715219,24.183008,4.917622,0.7802259,0.5201506,0.5284873
1.0,0.18278524,1.1792597,0.0015035894242189467,0.05616260375389505,0.008998288474523553,0.004487520201866713,0.0012921324,23.943346,4.8931937,0.77892405,0.51928276,0.52763325
1.0,0.18338926,1.1831565,0.001538583640013491,0.05710627129776162,0.009174858071534451,0.0045591071514939786,0.001312862,23.707039,4.8689876,0.77763206,0.5184214,0.5267855
1.0,0.1839933,1.1870536,0.0015741640027386271,0.05805589710289876,0.009353125975016143,0.004630633966800262,0.0013337126,23.474031,4.8450007,0.7763498,0.5175665,0.52594423
1.0,0.18459731,1.1909504,0.001610330446841324,0.05901143166689335,0.009533092120489695,0.004702100779965723,0.001354683,23.244328,4.821237,0.77507806,0.51671875,0.52511
1.0,0.18520135,1.1948473,0.001647090632023089,0.05997302116543367,0.009714789696027681,0.004773517799958414,0.0013757786,23.017859,4.7976933,0.7738169,0.5158779,0.52428263
1.0,0.18580537,1.1987443,0.0016844442745034569,0.0609406486329766,0.009898224042553805,0.004844891219043434,0.0013969932,22.79463,4.774372,0.772567,0.5150446,0.5234627
1.0,0.1864094,1.2026412,0.0017223984159067814,0.0619144642106734,0.010083430682777006,0.004916235435056661,0.0014183354,22.57458,4.7512712,0.7713283,0.51421887,0.52265024
1.0,0.18701343,1.2065383,0.0017609563937786617,0.06289452193442811,0.010270426238739583,0.004987557057403598,0.0014398014,22.357674,4.72839,0.7701011,0.5134007,0.5218453
1.0,0.18761745,1.2104352,0.0018001192112546915,0.06388084485072604,0.010459224856387062,0.005058867222622988,0.0014613927,22.1439,4.7057304,0.7688859,0.5125906,0.5210483
1.0,0.18822148,1.2143321,0.0018398941586732476,0.06487359536057051,0.010649863840707208,0.005130181364687465,0.0014831122,21.933191,4.6832886,0.7676826,0.5117884,0.5202592
1.0,0.1888255,1.218229,0.001880282684566604,0.06587280715451778,0.010842357658843671,0.005201509605143859,0.0015049578,21.725527,4.661065,0.7664916,0.51099443,0.51947814
1.0,0.18942954,1.222126,0.0019212908868613356,0.06687860258688887,0.011036738298529414,0.005272865637945406,0.0015269346,21.520853,4.639057,0.7653129,0.5102086,0.5187052
1.0,0.19003356,1.226023,0.00196292119991375,0.06789103929359347,0.011233023647955866,0.005344260048214616,0.0015490385,21.319132,4.6172647,0.76414657,0.50943106,0.5179404
1.0,0.19063759,1.2299199,0.0020051800113006124,0.06891027822973954,0.011431253326989578,0.005415713293087741,0.001571275,21.120316,4.5956845,0.7629926,0.50866175,0.5171838
1.0,0.19124162,1.2338169,0.0020480694784440175,0.06993633008020192,0.011631438318524534,0.0054872298831924815,0.0015936416,20.924368,4.574316,0.76185125,0.5079009,0.51643544
1.0,0.19184564,1.2377138,0.0020915932492661456,0.07096929913984552,0.011833606766080251,0.005558827018281814,0.0016161398,20.731256,4.5531588,0.76072264,0.50714844,0.51569545
1.0,0.19244967,1.2416108,0.002135757880884416,0.07200931720413568,0.012037792605530784,0.005630518962877536,0.0016387706,20.540922,4.5322094,0.7596066,0.5064044,0.51496375
1.0,0.1930537,1.2455077,0.002180565700750112,0.07305639678533674,0.012244007091579356,0.00570230998932902,0.0016615358,20.353323,4.5114655,0.7585031,0.50566876,0.5142403
1.0,0.19365773,1.2494047,0.0022260226978549763,0.07411068144724389,0.012452286587738783,0.005774218494173854,0.0016844318,20.16842,4.4909263,0.7574123,0.5049415,0.51352525
1.0,0.19426174,1.2533016,0.0022721316759178965,0.07517221229826956,0.012662648507116738,0.005846253479363048,0.0017074647,19.986168,4.470589,0.75633407,0.5042227,0.51281846
1.0,0.19486578,1.2571986,0.0023188986758255017,0.07624108456564264,0.012875120545934426,0.005918424518457921,0.001730632,19.806524,4.4504523,0.7552684,0.50351226,0.51211995
1.0,0.1954698,1.2610954,0.0023663271118081566,0.07731737231193592,0.013089724959407521,0.005990743623983051,0.0017539335,19.629444,4.430513,0.7542151,0.5028101,0.5114296
1.0,0.19607383,1.2649925,0.0024144228318672685,0.07840115094931939,0.013306487401099076,0.006063218905497271,0.0017773728,19.454884,4.410769,0.7531744,0.50211626,0.5107475
1.0,0.19667786,1.2688894,0.0024631891210908684,0.07949249292707694,0.013525431098634577,0.006135863735361972,0.0018009477,19.282808,4.3912196,0.7521461,0.50143075,0.51007354
1.0,0.19728188,1.2727864,0.0025126308603745182,0.08059142671775096,0.013746569292861997,0.006208676711738442,0.0018246572,19.113165,4.3718605,0.75113,0.50075334,0.50940764
1.0,0.19788592,1.2766833,0.0025627542572437146,0.08169808141967179,0.01396993862960083,0.0062816758578696855,0.0018485057,18.945913,4.35269,0.75012606,0.50008404,0.5087498
1.0,0.19848993,1.2805802,0.0026135616124781692,0.08281242859232453,0.014195542589930499,0.006354857752495991,0.0018724914,18.781023,4.333708,0.7491343,0.49942288,0.50809985
1.0,0.19909397,1.2844772,0.002665059877798903,0.08393459346258506,0.014423415661273253,0.006428236027876545,0.0018966135,18.61844,4.314909,0.74815464,0.49876973,0.50745785
1.0,0.19969799,1.2883741,0.0027172511709188515,0.08506456905947288,0.014653566510086313,0.00650181299732976,0.0019208733,18.458141,4.2962937,0.74718696,0.4981246,0.50682384
1.0,0.20030202,1.2922711,0.002770143488292007,0.08620247071940075,0.014886027350577868,0.0065755968857018465,0.0019452717,18.30007,4.2778583,0.746231,0.49748734,0.5061975
1.0,0.20090604,1.296168,0.0028237397934842644,0.08734831058638946,0.015120809382185742,0.006649590001732949,0.001969807,18.14419,4.2595997,0.74528676,0.49685782,0.5055788
1.0,0.20151007,1.3000649,0.002878046888939459,0.08850213814876583,0.015357933531483958,0.0067237928646655815,0.001994482,17.990463,4.2415166,0.744354,0.49623603,0.50496775
1.0,0.20211409,1.3039619,0.0029330657076910064,0.08966397785373896,0.015597415398522217,0.006798218275449198,0.002019294,17.83887,4.2236085,0.74343306,0.49562204,0.5043644
1.0,0.20271812,1.3078588,0.0029888062754761606,0.09083390240591882,0.015839277917412797,0.006872859090984316,0.002044247,17.689344,4.20587,0.74252325,0.4950155,0.5037684
1.0,0.20332214,1.3117558,0.003045269567048941,0.09201189176217564,0.016083527183968327,0.0069477184828215036,0.002069336,17.54187,4.1883016,0.7416248,0.4944165,0.5031798
1.0,0.20392618,1.3156527,0.003102462837418267,0.09319804192257673,0.016330193877469812,0.007022805365215011,0.002094564,17.396404,4.1709,0.7407375,0.493825,0.5025986
1.0,0.20453021,1.3195497,0.0031603907838117537,0.09439235749861688,0.016579287998687686,0.007098115647252426,0.002119932,17.252909,4.153662,0.73986113,0.4932408,0.50202465
1.0,0.20513423,1.3234466,0.003219056464619454,0.09559484257787851,0.01683082046698325,0.007173651073124888,0.0021454378,17.11136,4.136588,0.73899585,0.49266392,0.50145787
1.0,0.20573826,1.3273436,0.0032784673853376496,0.0968055567635715,0.017084814809438683,0.007249412653425734,0.002171085,16.97172,4.1196747,0.7381414,0.49209428,0.50089824
1.0,0.20634228,1.3312405,0.0033386269990185605,0.09802451457597658,0.017341282002701686,0.007325401005646003,0.00219687,16.833946,4.102919,0.7372976,0.4915317,0.5003455
1.0,0.20694631,1.3351375,0.0033995422352142805,0.099251757650071,0.017600242389683274,0.007401615684040432,0.0022227953,16.698015,4.0863204,0.7364643,0.4909762,0.49979985
1.0,0.20755033,1.3390344,0.0034612154591472746,0.10048726543509917,0.017861701239055505,0.007478054861613681,0.0022488588,16.563894,4.0698767,0.7356416,0.4904277,0.49926105
1.0,0.20815437,1.3429314,0.0035236544115741157,0.10173112052280776,0.018125686623988835,0.007554723389266488,0.0022750625,16.431553,4.053585,0.7348292,0.48988616,0.49872908
1.0,0.20875838,1.3468282,0.0035868621968652963,0.10298326121770982,0.01839219441134121,0.007631607820745323,0.0023014043,16.300957,4.037444,0.734027,0.4893514,0.49820378
1.0,0.20936242,1.3507253,0.0036508455486840624,0.10424377992478097,0.018661256500650092,0.007708719854597906,0.002327888,16.172081,4.0214524,0.7332351,0.48882344,0.49768522
1.0,0.20996645,1.3546222,0.0037156091777912855,0.10551267350936161,0.018932880956038064,0.007786053422664207,0.002354512,16.044891,4.0056076,0.7324532,0.48830214,0.49717325
1.0,0.21057047,1.3585192,0.003781156218973034,0.10678990902401095,0.019207071056955183,0.007863602400036081,0.002381274,15.919365,3.989908,0.7316813,0.48778751,0.49666777
1.0,0.2111745,1.3624161,0.0038474954960089325,0.1080755884730423,0.01948385890612314,0.007941372418096344,0.0024081776,15.795465,3.974351,0.7309191,0.4872794,0.49616876
1.0,0.21177852,1.366313,0.003914628911089599,0.10936965189265256,0.01976324130307372,0.008019354569804925,0.0024352188,15.673173,3.9589357,0.7301666,0.48677772,0.4956761
1.0,0.21238256,1.37021,0.0039825636221133475,0.11067215589827409,0.020045243234719123,0.008097552368379082,0.0024624038,15.552458,3.9436605,0.7294238,0.48628256,0.49518985
1.0,0.21298657,1.3741069,0.004051302420576442,0.11198306713681895,0.020329865541294012,0.008175958279564684,0.002489726,15.433297,3.9285235,0.7286906,0.48579377,0.49470982
1.0,0.2135906,1.378004,0.004120854146565946,0.11330245733716128,0.020617134652755276,0.008254572213057438,0.00251719,15.315658,3.9135225,0.7279668,0.4853112,0.494236
1.0,0.21419464,1.3819009,0.004191222017544575,0.11463032353543272,0.020907060374174335,0.008333394321540611,0.002544795,15.199518,3.898656,0.7272523,0.48483488,0.49376827
1.0,0.21479866,1.3857977,0.0042624102798849844,0.11596663041406222,0.021199644795371286,0.008412413955716333,0.0025725411,15.084853,3.8839223,0.726547,0.48436466,0.49330658
1.0,0.2154027,1.3896948,0.004334425174861891,0.11731144465360292,0.02149491471143139,0.008491639186845718,0.0026004263,14.971643,3.8693209,0.725851,0.48390067,0.492851
1.0,0.21600671,1.3935916,0.004407270833146887,0.11866475405462487,0.0217928759948407,0.008571063495400037,0.0026284533,14.85986,3.8548489,0.725164,0.48344266,0.4924013
1.0,0.21661074,1.3974887,0.0044809557533381,0.12002658336677897,0.022093544767565754,0.008650677507551453,0.0026566223,14.749478,3.840505,0.7244859,0.4829906,0.4919575
1.0,0.21721476,1.4013855,0.004555479879220533,0.12139689355994497,0.02239692448980568,0.008730484852144083,0.0026849322,14.640483,3.8262885,0.7238168,0.48254454,0.49151954
1.0,0.2178188,1.4052825,0.004630854139972312,0.12277580232026308,0.022703049181453494,0.008810486761536559,0.002713383,14.532842,3.8121965,0.7231564,0.48210427,0.49108735
1.0,0.21842282,1.4091794,0.004707079131357343,0.12416319917067818,0.023011906582658948,0.008890669188586919,0.0027419764,14.426541,3.7982287,0.72250473,0.48166984,0.49066088
1.0,0.21902685,1.4130764,0.004784164442238578,0.12555921767406053,0.0233235357102749,0.008971042383559167,0.0027707124,14.321549,3.7843823,0.72186166,0.4812411,0.49023998
1.0,0.21963088,1.4169735,0.004862112625405103,0.12696376974921478,0.02363792857637581,0.009051590700160502,0.0027995901,14.217855,3.770657,0.72122717,0.4808181,0.48982474
1.0,0.2202349,1.4208703,0.004940926603960482,0.1283768660006183,0.023955098027643507,0.00913231821576206,0.0028286085,14.115441,3.7570522,0.7206012,0.48040077,0.4894151
1.0,0.22083893,1.4247673,0.0050206180796048445,0.12979861936493436,0.02427507740574741,0.009213223166932877,0.0028577694,14.014269,3.7435637,0.7199834,0.47998893,0.48901084
1.0,0.22144295,1.4286642,0.0051011849933355604,0.13122892987651782,0.02459785922988744,0.009294304249880758,0.0028870755,13.914342,3.7301934,0.7193741,0.47958273,0.48861215
1.0,0.22204699,1.4325612,0.005182638224220992,0.13266789902269432,0.024923474144392554,0.009375559471729578,0.0029165233,13.815626,3.7169378,0.71877307,0.479182,0.48821884
1.0,0.222651,1.4364581,0.005264979240389277,0.13411545778705566,0.02525191742149602,0.009456979700328189,0.002946114,13.718107,3.7037964,0.7181801,0.4787867,0.48783088
1.0,0.22325504,1.4403551,0.00534821738430136,0.13557169295379015,0.025583219099909904,0.009538566947005823,0.0029758478,13.621762,3.690767,0.71759516,0.4783968,0.4874482
1.0,0.22385906,1.444252,0.005432354404959841,0.13703655171123053,0.025917377311863606,0.009620314096984082,0.003005724,13.526576,3.6778493,0.71701825,0.47801217,0.4870707
1.0,0.22446309,1.448149,0.005517396828899899,0.1385101005658127,0.026254421719532073,0.009702231232832377,0.003035748,13.432535,3.6650424,0.71644944,0.47763297,0.48669857
1.0,0.22506712,1.4520459,0.005603352160459475,0.1399923703694785,0.026594364499957886,0.00978430801857946,0.0030659144,13.339612,3.6523433,0.7158883,0.47725886,0.48633143
1.0,0.22567114,1.4559429,0.005690221159600822,0.1414832874948656,0.026937202088992196,0.00986653861018973,0.0030962229,13.247798,3.6397524,0.715335,0.47689,0.48596945
1.0,0.22627518,1.4598398,0.005778013276427481,0.1429829460196308,0.027282967643161845,0.009948927813879401,0.0031266783,13.157072,3.6272678,0.71478945,0.47652632,0.48561257
1.0,0.2268792,1.4637368,0.005866731275197304,0.14449132756188032,0.027631665421441798,0.010031471595849883,0.003157278,13.067417,3.6148882,0.7142515,0.47616765,0.48526064
1.0,0.22748323,1.4676337,0.005956383137536485,0.1460084747243276,0.027983317340578018,0.010114167927968563,0.0031880212,12.978818,3.6026127,0.71372116,0.4758141,0.4849137
1.0,0.22808725,1.4715306,0.0060469703735462595,0.1475343562047321,0.028337927237288337,0.010197016116649558,0.0032189111,12.891263,3.5904405,0.71319836,0.47546557,0.4845717
1.0,0.22869128,1.4754276,0.00613850228915335,0.1490690351148035,0.028695520847657363,0.010280013980197313,0.0032499477,12.804729,3.5783696,0.712683,0.475122,0.48423463
1.0,0.2292953,1.4793245,0.006230980985609743,0.15061249768921317,0.02905610397027547,0.010363161013446243,0.0032811286,12.719207,3.5663998,0.7121751,0.47478336,0.48390236
1.0,0.22989933,1.4832215,0.006324415630662131,0.15216481361154074,0.029419704480242333,0.01044645758825594,0.0033124546,12.634674,3.5545287,0.7116744,0.4744496,0.4835749
1.0,0.23050337,1.4871185,0.006418809217369205,0.15372594141383206,0.029786324986626145,0.010529897334518527,0.0033439312,12.551124,3.5427566,0.71118104,0.4741207,0.4832522
1.0,0.23110738,1.4910153,0.006514166971759786,0.15529592392676483,0.030155982360614786,0.010613481445335426,0.0033755503,12.4685335,3.531081,0.71069473,0.47379652,0.48293412
1.0,0.23171142,1.4949124,0.006610495903195335,0.15687479130205856,0.030528698743021106,0.010697211033435104,0.0034073177,12.386894,3.519502,0.7102157,0.47347713,0.48262078
1.0,0.23231544,1.4988092,0.00670779602900419,0.15846246878889475,0.030904467325924667,0.010781079238912097,0.0034392283,12.306199,3.5080192,0.70974386,0.4731626,0.4823122
1.0,0.23291947,1.5027063,0.006806082723057656,0.16005914903957466,0.03128334118187581,0.010865093012702845,0.0034712935,12.226416,3.4966292,0.7092788,0.47285253,0.48200804
1.0,0.23352349,1.5066031,0.006905351618687311,0.1616646937717547,0.03166530063483286,0.010949245778770926,0.003503498,12.147547,3.4853332,0.7088208,0.47254723,0.48170853
1.0,0.23412752,1.5105001,0.0070056172607627235,0.16327924700508345,0.03205039002351384,0.01103353824122567,0.0035358588,12.069567,3.4741282,0.7083696,0.47224638,0.48141342
1.0,0.23473155,1.5143971,0.007106878030265397,0.1649027549658223,0.03243860937340237,0.011117975282606184,0.0035683627,11.992474,3.463015,0.7079253,0.47195023,0.48112294
1.0,0.23533557,1.518294,0.007209139620193081,0.16653521018754527,0.032829966667704324,0.011202547807125082,0.0036010155,11.916251,3.4519923,0.7074879,0.4716586,0.48083684
1.0,0.2359396,1.522191,0.007312413899331131,0.16817672982967982,0.033224498715780815,0.011287257017787423,0.0036338158,11.840879,3.441058,0.707057,0.47137132,0.48055506
1.0,0.23654363,1.5260879,0.0074166978981132095,0.1698272565483968,0.03362220705914609,0.011372113364806462,0.0036667653,11.766357,3.4302125,0.7066329,0.47108862,0.48027775
1.0,0.23714766,1.5299848,0.00752200569202101,0.17148687187151007,0.034023118431108834,0.011457101355045803,0.003699863,11.69266,3.4194531,0.7062153,0.4708102,0.48000467
1.0,0.23775168,1.5338818,0.007628335085249686,0.17315553677072498,0.034427238470423616,0.011542233214674558,0.0037331143,11.61979,3.4087813,0.70580435,0.47053623,0.47973594
1.0,0.23835571,1.5377787,0.0077356975001019465,0.17483330636728242,0.03483458920506721,0.011627496704761372,0.003766512,11.547726,3.3981946,0.7053999,0.47026658,0.4794715
1.0,0.23895973,1.5416757,0.007844093457522563,0.17652018300867084,0.03524518291928924,0.011712902546721554,0.0038000594,11.476459,3.3876922,0.7050019,0.47000125,0.47921124
1.0,0.23956376,1.5455726,0.007953535133612487,0.17821625444892697,0.03565905089648691,0.01179844549564945,0.003833758,11.405973,3.377273,0.70461017,0.46974012,0.47895512
1.0,0.2401678,1.5494696,0.008064025202314619,0.17992150015221603,0.03607619917989702,0.01188412357295316,0.0038676048,11.336261,3.3669364,0.7042247,0.46948317,0.47870314
1.0,0.24077182,1.5533665,0.008175564803327581,0.181635893359965,0.03649663468728704,0.011969940277304296,0.0039016018,11.267314,3.356682,0.7038457,0.46923044,0.47845528
1.0,0.24137585,1.5572635,0.008288165044475718,0.18335956167356243,0.03692039965648797,0.012055904523060813,0.0039357496,11.19912,3.3465085,0.70347285,0.46898192,0.47821152
1.0,0.24197987,1.5611604,0.008401828806731492,0.18509242801408898,0.03734748392327125,0.012141997503076776,0.0039700475,11.131664,3.3364148,0.7031061,0.46873742,0.47797176
1.0,0.2425839,1.5650574,0.008516564561138647,0.1868346236500137,0.03777793441516808,0.01222824073175214,0.0040045,11.06494,3.3264005,0.70274556,0.46849704,0.47773606
1.0,0.24318792,1.5689543,0.008632373741403784,0.18858605068625128,0.038211735857782925,0.012314614633571572,0.0040391,10.998938,3.3164647,0.702391,0.4682607,0.47750428
1.0,0.24379195,1.5728513,0.008749268464745436,0.1903468551665636,0.0386489347589738,0.012401129364737494,0.0040738494,10.933642,3.3066058,0.70204246,0.4680283,0.47727638
1.0,0.24439597,1.5767481,0.00886724646046294,0.19211695384159327,0.03908952578666813,0.01248778640527931,0.004108753,10.86905,3.2968242,0.7016999,0.46779996,0.47705248
1.0,0.245,1.5806452,0.008986321496464781,0.19389649924145033,0.03953355438537365,0.012574589895979305,0.0041438066,10.805145,3.2871182,0.70136327,0.4675755,0.47683233
2.0,0.155,1.0,0.0005726298150707222,0.02644687204460707,0.0038975307279016653,0.0021796412826894985,0.0011964366,34.279663,5.8548837,0.803425,0.53561664,0.5437163
2.0,0.15560403,1.003897,0.0005902263970936269,0.0269724193718816,0.00398853956855072,0.002217860377269839,0.0012266671,33.878376,5.8205132,0.8018212,0.53454745,0.5426631
2.0,0.15620805,1.0077939,0.0006081796139938685,0.0275075237992336,0.004081440083335636,0.00225690124135403,0.0012570509,33.485443,5.7866607,0.800252,0.5335014,0.54163265
2.0,0.15681209,1.0116909,0.0006264963869220292,0.028053595115869974,0.004176471567213291,0.0022969824064472035,0.0012876085,33.100494,5.753303,0.79871553,0.532477,0.5406237
2.0,0.1574161,1.0155878,0.000645183393163851,0.028611860100437335,0.004273843635210994,0.0023382934557194413,0.0013183512,32.723167,5.7204165,0.79720896,0.5314727,0.5396345
2.0,0.15802014,1.0194848,0.0006642490734693107,0.029183398333917747,0.004373747290542962,0.00238100007013503,0.0013492955,32.3531,5.6879787,0.79573005,0.5304867,0.5386635
2.0,0.15862416,1.0233817,0.00068370147919001,0.029769056987253954,0.004476336187226176,0.002425231749656146,0.0013804521,31.989925,5.655964,0.79427576,0.5295172,0.53770876
2.0,0.15922819,1.0272787,0.0007035503089708537,0.030369546213008938,0.004581745378377411,0.00247109445146485,0.0014118347,31.633295,5.6243486,0.7928436,0.52856237,0.5367685
2.0,0.15983221,1.0311755,0.0007238034471653231,0.030985282671355495,0.004690062230820913,0.0025186518893249438,0.0014434496,31.282888,5.5931106,0.79143107,0.5276207,0.5358412
2.0,0.16043624,1.0350726,0.0007444727497700463,0.03161664420034524,0.004801368620326263,0.002567950371016124,0.0014753081,30.938341,5.5622244,0.790035,0.52669,0.53492486
2.0,0.16104028,1.0389695,0.0007655667629290031,0.032263725882433224,0.004915701211777867,0.002619000922990857,0.0015074137,30.599392,5.5316715,0.78865355,0.525769,0.53401804
2.0,0.1616443,1.0428665,0.0007870943344224403,0.03292648823213106,0.0050330745750814245,0.0026717915718141036,0.0015397696,30.265783,5.501435,0.7872845,0.5248563,0.5331195
2.0,0.16224833,1.0467634,0.0008090667491211639,0.03360483042653792,0.005153492752342059,0.0027262925049785676,0.0015723797,29.937239,5.4714932,0.7859257,0.52395046,0.5322277
2.0,0.16285235,1.0506603,0.0008314926413422669,0.03429848369763417,0.005276931860693223,0.002782453936666422,0.0016052454,29.613558,5.441834,0.78457534,0.52305025,0.5313415
2.0,0.16345638,1.0545573,0.0008543828811622033,0.03500715898423559,0.005403363934965878,0.002840215291479268,0.0016383677,29.2945,5.4124393,0.78323174,0.5221545,0.53045976
2.0,0.1640604,1.0584542,0.000877744662832129,0.03573039701039833,0.005532732387301869,0.002899498398805482,0.0016717437,28.979944,5.383302,0.781894,0.52126265,0.5295819
2.0,0.16466443,1.0623512,0.0009015889581034228,0.03646782440128811,0.0056649935461719194,0.002960226671861651,0.001705374,28.66968,5.3544073,0.78056055,0.5203737,0.5287069
2.0,0.16526845,1.066248,0.0009259230657207068,0.03721889597206692,0.005800074530855847,0.0030223053336937266,0.0017392561,28.363607,5.3257494,0.7792307,0.51948714,0.52783436
2.0,0.16587248,1.070145,0.0009507563940855571,0.037983160773726383,0.0059379173046040234,0.003085648122347352,0.0017733877,28.06159,5.297319,0.77790374,0.5186025,0.5269637
2.0,0.16647652,1.0740421,0.0009760966928590879,0.038760063896162995,0.006078444927676729,0.0031501548490994657,0.0018077659,27.763529,5.2691107,0.7765791,0.5177194,0.5260947
2.0,0.16708054,1.0779389,0.0010019506126168938,0.03954909383657653,0.0062215878327379626,0.003215735994887281,0.0018423888,27.469355,5.2411213,0.7752566,0.5168377,0.52522707
2.0,0.16768457,1.081836,0.001028327778681923,0.04034978479599068,0.00636728160351524,0.003282298267469471,0.0018772541,27.178955,5.213344,0.7739356,0.5159571,0.52436054
2.0,0.16828859,1.0857328,0.0010552335227574248,0.041161594952895356,0.006515449665931872,0.0033497490976595974,0.0019123591,26.892296,5.185778,0.7726165,0.51507765,0.5234952
2.0,0.16889262,1.0896298,0.0010826758585744437,0.04198408919727013,0.006666032232181429,0.003418004656458098,0.0019477026,26.609308,5.158421,0.77129906,0.51419944,0.5226311
2.0,0.16949664,1.0935267,0.0011106606412576965,0.04281679175749564,0.006818960985009336,0.0034869790612362464,0.001983282,26.329947,5.1312714,0.76998353,0.51332235,0.5217683
2.0,0.17010067,1.0974237,0.0011391946090835488,0.04365927806212956,0.006974177426715467,0.00355659359946482,0.0020190966,26.05418,5.1043296,0.76867026,0.5124468,0.5209069
2.0,0.17070471,1.1013207,0.0011682841804044823,0.044511167847554066,0.0071316279117498715,0.003626775370536425,0.002055146,25.781946,5.0775924,0.76735926,0.51157284,0.52004707
2.0,0.17130873,1.1052176,0.0011979336912154761,0.04537204991261689,0.007291253618267435,0.0036974525446210067,0.0020914266,25.51325,5.0510645,0.7660511,0.51070076,0.5191893
2.0,0.17191276,1.1091145,0.001228150646630956,0.0462416227851923,0.007453015409529695,0.0037685634696368276,0.0021279429,25.248041,5.024743,0.7647462,0.5098308,0.51833355
2.0,0.17251678,1.1130115,0.0012589391500699946,0.04711954507504041,0.007616864145911118,0.0038400466957011345,0.0021646915,24.986294,4.998629,0.7634448,0.50896317,0.5174802
2.0,0.17312081,1.1169084,0.001290305321955231,0.04800554044342375,0.00778276401786493,0.003911848051999237,0.002201674,24.727991,4.972725,0.76214755,0.50809836,0.51662964
2.0,0.17372483,1.1208054,0.001322253894275446,0.04889936789564634,0.007950682918722363,0.003983921235896025,0.0022388925,24.4731,4.9470296,0.7608547,0.5072365,0.515782
2.0,0.17432886,1.1247023,0.0013547895552838344,0.0498007872951569,0.00812059156371392,0.004056222897862416,0.0022763484,24.221613,4.921546,0.7595672,0.5063781,0.51493794
2.0,0.17493288,1.1285993,0.001387917210756317,0.050709580941335194,0.00829245954150265,0.004128707909233699,0.0023140407,23.973497,4.8962736,0.75828505,0.5055234,0.5140974
2.0,0.17553692,1.1324962,0.0014216420993881907,0.05162561599251899,0.008466276123855032,0.0042013498256904605,0.0023519748,23.728735,4.871215,0.7570091,0.5046727,0.51326096
2.0,0.17614095,1.1363932,0.0014559683447118031,0.05254870676459122,0.008642017733840435,0.004274112699705025,0.0023901511,23.487299,4.8463697,0.7557397,0.50382644,0.5124289
2.0,0.17674497,1.1402901,0.0014909001912477798,0.053478720460069976,0.008819670332451457,0.004346969758708117,0.0024285722,23.249165,4.8217387,0.75447714,0.50298476,0.5116013
2.0,0.177349,1.1441871,0.0015264423770888992,0.0544155733635912,0.008999230613303544,0.004419903482036846,0.002467241,23.014318,4.797324,0.7532223,0.5021482,0.51077884
2.0,0.17795302,1.148084,0.0015625996244890015,0.05535918074455621,0.009180691307684397,0.004492892434217392,0.0025061602,22.782713,4.773124,0.75197506,0.5013167,0.5099615
2.0,0.17855705,1.151981,0.0015993757867260208,0.056309453794213496,0.009364048559409588,0.004565921199231526,0.0025453328,22.554346,4.7491417,0.7507364,0.50049096,0.50914973
2.0,0.17916107,1.1558778,0.0016367757980690891,0.05726637230595309,0.009549306847986827,0.00463897945377956,0.0025847636,22.329165,4.7253747,0.7495062,0.4996708,0.5083436
2.0,0.1797651,1.1597749,0.0016748035235834451,0.05822988844970571,0.009736469074545175,0.004712058503794839,0.0026244542,22.107157,4.7018247,0.7482853,0.49885684,0.5075435
2.0,0.18036912,1.1636717,0.0017134623574947374,0.05919995112095197,0.009925533734643166,0.004785146662158954,0.002664405,21.888292,4.6784925,0.74707377,0.49804917,0.5067497
2.0,0.18097316,1.1675688,0.0017527592305577402,0.060176622581311415,0.010116523143491039,0.004858245451817818,0.0027046248,21.672518,4.655375,0.74587184,0.49724787,0.50596213
2.0,0.18157719,1.1714658,0.0017926960860342419,0.0611598540675945,0.010309438077301836,0.00493134981919911,0.0027451126,21.459822,4.632475,0.74468,0.49645334,0.5051814
2.0,0.18218121,1.1753626,0.0018332770180547434,0.06214964981470432,0.010504288328472056,0.005004457274307825,0.0027858717,21.250166,4.6097903,0.7434985,0.4956657,0.5044073
2.0,0.18278524,1.1792597,0.0018745084420206037,0.06314609508536995,0.010701100174870026,0.005077574848808215,0.0028269086,21.043507,4.5873203,0.74232745,0.494885,0.5036402
2.0,0.18338926,1.1831565,0.0019163921915914906,0.06414915643035525,0.01089987699511269,0.005150700420338218,0.0028682235,20.839819,4.565065,0.7411673,0.49411154,0.50288016
2.0,0.1839933,1.1870536,0.0019589356664731303,0.06515893550836152,0.011100646540890267,0.005223839541470876,0.0029098205,20.63905,4.543022,0.7400179,0.49334523,0.50212723
2.0,0.18459731,1.1909504,0.0020021394980010996,0.0661753961697812,0.011303412685235159,0.00529699419123186,0.0029517,20.441185,4.521193,0.73887974,0.4925865,0.5013818
2.0,0.18520135,1.1948473,0.0020460118031910336,0.06719868477218184,0.011508212090259873,0.005370176680686772,0.0029938687,20.24616,4.499573,0.73775274,0.49183515,0.5006437
2.0,0.18580537,1.1987443,0.0020905541063174905,0.06822876640306999,0.011715047828535661,0.00544338550958319,0.0030363253,20.053955,4.478164,0.7366372,0.49109146,0.49991304
2.0,0.1864094,1.2026412,0.002135772993322015,0.06926576776917392,0.011923953705742563,0.005516634725776517,0.0030790737,19.864523,4.4569635,0.7355331,0.49035543,0.49919003
2.0,0.18701343,1.2065383,0.0021816732500823666,0.07030972650736303,0.012134945840825974,0.0055899260905788745,0.0031221176,19.677814,4.4359684,0.73444045,0.48962697,0.49847448
2.0,0.18761745,1.2104352,0.0022282560783593286,0.07136065743882405,0.012348038288161334,0.005663270053083348,0.0031654565,19.493816,4.41518,0.7333597,0.48890644,0.49776676
2.0,0.18822148,1.2143321,0.002275529901325229,0.07241868937082852,0.012563263709611583,0.005736674005635896,0.003209093,19.312464,4.3945947,0.7322905,0.48819366,0.4970667
2.0,0.1888255,1.218229,0.0023234967220562433,0.07348383118704674,0.012780634017998393,0.0058101438518296635,0.003253028,19.13373,4.374212,0.73123306,0.48748872,0.49637434
2.0,0.18942954,1.222126,0.0023721632945570663,0.07455619140229046,0.013000179935707845,0.005883690052036646,0.0032972642,18.957567,4.3540287,0.7301874,0.4867916,0.49568975
2.0,0.19003356,1.226023,0.0024215326459642145,0.07563579557616779,0.013221916611788842,0.005957318673896199,0.003341805,18.783937,4.334044,0.7291535,0.48610234,0.49501285
2.0,0.19063759,1.2299199,0.002471610938726497,0.07672273400688341,0.013445871277639299,0.006031038461459807,0.003386649,18.612803,4.3142557,0.7281314,0.48542097,0.49434376
2.0,0.19124162,1.2338169,0.0025224029461937665,0.07781705158966203,0.013672060623672877,0.006104851785091577,0.0034317959,18.444117,4.2946615,0.72712106,0.48474735,0.49368232
2.0,0.19184564,1.2377138,0.002573911543794122,0.07891880942389892,0.01390050813661936,0.006178773505236995,0.003477249,18.27785,4.27526,0.7261224,0.4840816,0.49302864
2.0,0.19244967,1.2416108,0.002626143453939806,0.08002806322284185,0.01413123456530363,0.006252804203484213,0.0035230077,18.113956,4.2560496,0.72513556,0.4834237,0.4923827
2.0,0.1930537,1.2455077,0.0026791031014255806,0.0811448831549286,0.014364262341407084,0.006326953037130342,0.0035690747,17.952394,4.2370267,0.7241602,0.48277348,0.4917443
2.0,0.19365773,1.2494047,0.0027327962150843583,0.0822693269819884,0.014599613849172854,0.00640122520391978,0.0036154492,17.79313,4.2181907,0.72319657,0.48213103,0.4911136
2.0,0.19426174,1.2533016,0.0027872255267646275,0.08340139652340686,0.01483729843940995,0.006475621859116067,0.0036621292,17.636126,4.1995387,0.7222445,0.48149633,0.49049056
2.0,0.19486578,1.2571986,0.0028423989846700507,0.08454122042877285,0.015077351499510065,0.006550154545499912,0.0037091167,17.48134,4.1810694,0.7213039,0.4808693,0.489875
2.0,0.1954698,1.2610954,0.0028983195532997844,0.08568880916074548,0.015319784706760764,0.006624826046861411,0.003756412,17.328735,4.16278,0.72037464,0.4802498,0.4892669
2.0,0.19607383,1.2649925,0.0029549933598124554,0.0868442221850194,0.015564621714224012,0.006699641634786646,0.0038040157,17.178276,4.1446686,0.7194569,0.47963795,0.48866636
2.0,0.19667786,1.2688894,0.0030124252549934764,0.08800747846837863,0.015811875600670433,0.006774599835690004,0.0038519283,17.029928,4.1267333,0.71855044,0.47903362,0.4880732
2.0,0.19728188,1.2727864,0.00307061904732946,0.08917861407014448,0.016061561391219614,0.0068497042492312345,0.0039001442,16.883654,4.1089725,0.7176551,0.47843674,0.4874874
2.0,0.19788592,1.2766833,0.0031295827994554264,0.09035774266956739,0.016313713929495988,0.006924965531129708,0.0039486694,16.739414,4.091383,0.7167709,0.47784725,0.48690888
2.0,0.19848993,1.2805802,0.003189318136365166,0.09154479352012443,0.01656832854170176,0.007000374132606261,0.003997499,16.59718,4.0739636,0.71589774,0.47726518,0.48633763
2.0,0.19909397,1.2844772,0.0032498339107850604,0.09273994364539831,0.016825450548438647,0.007075948816083467,0.004046635,16.456911,4.0567117,0.71503556,0.47669035,0.48577353
2.0,0.19969799,1.2883741,0.003311131448844818,0.09394306870561248,0.017085066072821013,0.007151671726286559,0.004096075,16.318584,4.0396266,0.7141843,0.47612283,0.48521665
2.0,0.20030202,1.2922711,0.003373219852062193,0.0951543168919614,0.017347213395045635,0.007227553838859056,0.004145818,16.182152,4.0227046,0.7133437,0.47556245,0.4846668
2.0,0.20090604,1.296168,0.003436101178207415,0.09637367188584534,0.01761190071055907,0.007303597175936824,0.0041958652,16.047592,4.0059447,0.7125138,0.4750092,0.48412395
2.0,0.20151007,1.3000649,0.003499784355855413,0.09760121364514718,0.017879153096568956,0.0073798000290027175,0.0042462144,15.914863,3.9893436,0.7116944,0.47446296,0.48358798
2.0,0.20211409,1.3039619,0.0035642698761686287,0.09883688832524404,0.018148971240117162,0.007456161611611277,0.0042968635,15.783948,3.9729018,0.7108857,0.4739238,0.48305902
2.0,0.20271812,1.3078588,0.003629567590822766,0.10008079510603671,0.018421385620932207,0.007532682848463909,0.004347816,15.654802,3.956615,0.7100873,0.47339153,0.48253682
2.0,0.20332214,1.3117558,0.003695679391377327,0.10133291693766881,0.01869639980708615,0.0076093616329541685,0.004399062,15.527406,3.9404829,0.7092992,0.47286615,0.48202142
2.0,0.20392618,1.3156527,0.003762613097184698,0.10259331287283074,0.018974041380808826,0.007686202089254732,0.004450612,15.401723,3.9245028,0.7085215,0.47234762,0.48151273
2.0,0.20453021,1.3195497,0.00383037414205211,0.10386200426181444,0.0192543199832913,0.007763197557134971,0.004502456,15.277721,3.9086726,0.70775366,0.47183576,0.48101065
2.0,0.20513423,1.3234466,0.003898964650147843,0.10513895162153215,0.01953724013710334,0.00784034618665981,0.0045545963,15.155382,3.8929913,0.70699596,0.47133064,0.48051515
2.0,0.20573826,1.3273436,0.003968392977227753,0.10642423861955916,0.019822829939145636,0.007917651007462377,0.004607031,15.034676,3.8774574,0.70624834,0.47083223,0.48002627
2.0,0.20634228,1.3312405,0.0040386629288509755,0.10771785766219308,0.020111095743602814,0.007995106957049887,0.0046597584,14.915567,3.8620677,0.7055105,0.4703403,0.4795438
2.0,0.20694631,1.3351375,0.004109782425882146,0.10901986019091091,0.020402061358545165,0.008072714080898727,0.004712782,14.798031,3.8468208,0.70478237,0.4698549,0.4790677
2.0,0.20755033,1.3390344,0.004181753110609844,0.11033021324776848,0.020695728051185806,0.008150468719356273,0.004766094,14.682048,3.831716,0.70406395,0.46937597,0.478598
2.0,0.20815437,1.3429314,0.0042545839722232595,0.11164898811219165,0.020992121699715538,0.00822836978304576,0.004819696,14.567586,3.8167508,0.70335513,0.46890345,0.4781346
2.0,0.20875838,1.3468282,0.004328277673929245,0.11297614188544068,0.021291242522202714,0.008306409500414978,0.004873585,14.454622,3.8019235,0.70265585,0.46843722,0.47767738
2.0,0.20936242,1.3507253,0.004402841391438396,0.11431175922678129,0.021593121227694297,0.00838459705337911,0.0049277623,14.343133,3.7872329,0.70196605,0.46797737,0.4772264
2.0,0.20996645,1.3546222,0.004478281429765646,0.11565583549726435,0.021897767004255053,0.008462922714958116,0.004982232,14.233089,3.7726767,0.7012855,0.46752363,0.4767815
2.0,0.21057047,1.3585192,0.004554600942179725,0.11700836595792605,0.02220518416332462,0.008541381336785447,0.0050369804,14.124467,3.758253,0.70061404,0.46707603,0.4763426
2.0,0.2111745,1.3624161,0.004631804982576448,0.11836935036691089,0.022515390111906064,0.00861997516417672,0.005092012,14.017255,3.7439625,0.6999521,0.46663475,0.4759099
2.0,0.21177852,1.366313,0.004709901086296117,0.1197388435432096,0.022828402132877734,0.008698698873989384,0.00514733,13.911414,3.7298007,0.69929904,0.46619934,0.47548297
2.0,0.21238256,1.37021,0.0047888941382617034,0.12111683676710154,0.023144231524780068,0.008777549109994957,0.005202928,13.806933,3.715768,0.69865507,0.46577007,0.4750621
2.0,0.21298657,1.3741069,0.004868788278636879,0.12250336131360058,0.023462893786417745,0.00885652895050711,0.005258808,13.703788,3.7018628,0.69802004,0.4653467,0.47464702
2.0,0.2135906,1.378004,0.0049495924594186195,0.12389843487432184,0.023784403532758455,0.008935626154502597,0.005314967,13.601949,3.688082,0.69739383,0.4649292,0.4742377
2.0,0.21419464,1.3819009,0.0050313096031661935,0.1253020589700032,0.024108772319528793,0.009014843510030212,0.0053714053,13.501403,3.6744256,0.69677633,0.4645176,0.4738342
2.0,0.21479866,1.3857977,0.0051139439847890395,0.12671423412078436,0.02443600865846074,0.009094176704093621,0.005428118,13.402128,3.6608918,0.69616765,0.46411175,0.47343633
2.0,0.2154027,1.3896948,0.005197504373467648,0.12813502894076104,0.02476614153590351,0.009173628415500568,0.005485112,13.304104,3.647479,0.6955675,0.46371168,0.47304416
2.0,0.21600671,1.3935916,0.0052819911554782715,0.12956435296143307,0.02509915935321727,0.009253185886782457,0.0055423756,13.207314,3.6341867,0.6949761,0.4633174,0.47265765
2.0,0.21661074,1.3974887,0.005367417197233021,0.13100234568180966,0.025435102481925483,0.00933285089022642,0.0055999164,13.111727,3.6210117,0.694393,0.46292865,0.47227657
2.0,0.21721476,1.4013855,0.005453781352114722,0.13244894684643863,0.025773970340159824,0.009412626283815659,0.00565773,13.017337,3.6079547,0.69381833,0.46254554,0.4719011
2.0,0.2178188,1.4052825,0.005541094162233606,0.13390421039189002,0.02611578459049868,0.009492502103797863,0.005715817,12.924115,3.5950124,0.693252,0.462168,0.47153103
2.0,0.21842282,1.4091794,0.005629356032322672,0.13536809827391394,0.02646054917767382,0.009572481080705804,0.005774177,12.832055,3.5821857,0.69269407,0.46179605,0.47116646
2.0,0.21902685,1.4130764,0.0057185792809014155,0.13684072440051695,0.026808296372582866,0.009652558529878619,0.0058328076,12.741122,3.569471,0.69214416,0.46142942,0.47080714
2.0,0.21963088,1.4169735,0.005808764127590871,0.13832201088006552,0.027159021988953036,0.00973272960618042,0.0058917054,12.651312,3.5568683,0.69160247,0.46106833,0.47045323
2.0,0.2202349,1.4208703,0.005899916222482086,0.1398119718257523,0.02751273919045527,0.009812990523009012,0.005950873,12.562603,3.5443761,0.6910688,0.46071255,0.47010458
2.0,0.22083893,1.4247673,0.005992044751860428,0.14131071384719332,0.02786948406039702,0.009893349804815738,0.006010311,12.474976,3.5319932,0.6905432,0.46036214,0.46976113
2.0,0.22144295,1.4286642,0.006085149932222291,0.14281813870791582,0.028229244721567633,0.009973794924900758,0.0060700155,12.38842,3.5197186,0.69002557,0.46001706,0.46942297
2.0,0.22204699,1.4325612,0.00617924290836613,0.1443343765455275,0.028592061454866365,0.010054332729767974,0.0061299885,12.302914,3.507551,0.6895158,0.45967722,0.46908996
2.0,0.222651,1.4364581,0.0062743258366934895,0.1458593528408364,0.028957926271626633,0.010134948761546164,0.0061902273,12.21844,3.4954886,0.6890138,0.45934254,0.46876198
2.0,0.22325504,1.4403551,0.006370407119280598,0.14739314781138685,0.02932687023478309,0.010215648876941295,0.006250731,12.134987,3.4835308,0.68851954,0.45901304,0.46843913
2.0,0.22385906,1.444252,0.006467488715253598,0.14893571594681942,0.029698892807562882,0.01029642666180209,0.0063114995,12.052536,3.4716763,0.688033,0.45868865,0.46812126
2.0,0.22446309,1.448149,0.00656558098329011,0.1504871906804987,0.030074036223829308,0.01037729327395898,0.006372534,11.971072,3.4599237,0.687554,0.4583693,0.4678084
2.0,0.22506712,1.4520459,0.006664686137239077,0.15204748100056395,0.030452291729276992,0.01045823331755976,0.0064338334,11.890582,3.4482722,0.68708265,0.45805508,0.46750048
2.0,0.22567114,1.4559429,0.0067648080747900645,0.1536165780546193,0.03083366664848697,0.010539242424116777,0.0064953943,11.811052,3.436721,0.6866188,0.45774585,0.4671975
2.0,0.22627518,1.4598398,0.006865957293346483,0.15519463783498447,0.03121820862285629,0.010620336742816844,0.006557219,11.732464,3.4252684,0.68616235,0.4574416,0.4668994
2.0,0.2268792,1.4637368,0.006968136795900848,0.1567815748771101,0.03160590713154221,0.010701496743839668,0.006619308,11.654805,3.4139135,0.68571323,0.45714214,0.46660605
2.0,0.22748323,1.4676337,0.007071353445599246,0.1583774543328499,0.03199679203167105,0.010782731694873315,0.0066816593,11.578062,3.4026551,0.6852715,0.45684767,0.46631753
2.0,0.22808725,1.4715306,0.007175609959362144,0.1599822417364602,0.032390862157699374,0.010864032279612943,0.0067442684,11.502223,3.3914928,0.68483704,0.45655802,0.4660338
2.0,0.22869128,1.4754276,0.007280917535828435,0.16159608066897146,0.032788165154884474,0.01094541254739917,0.0068071424,11.427268,3.3804243,0.68440974,0.45627314,0.4657547
2.0,0.2292953,1.4793245,0.007387275113538343,0.16321881584452466,0.03318867599301201,0.011026850652396978,0.0068702763,11.353193,3.36945,0.68398964,0.4559931,0.46548033
2.0,0.22989933,1.4832215,0.007494695581394161,0.16485064264872212,0.03359245162119229,0.011108364877009804,0.006933675,11.279977,3.3585677,0.6835766,0.4557177,0.46521056
2.0,0.23050337,1.4871185,0.007603180733950517,0.16649147578661128,0.03399948115861218,0.011189938956760626,0.0069973306,11.207611,3.3477771,0.68317056,0.45544705,0.46494544
2.0,0.23110738,1.4910153,0.007712735048153721,0.1681413609910273,0.03440978777203041,0.011271582627569249,0.0070612472,11.136083,3.337077,0.6827715,0.455181,0.46468484
2.0,0.23171142,1.4949124,0.007823367944178724,0.1698003291018588,0.03482339174091598,0.011353287908379806,0.007125425,11.065378,3.3264663,0.6823794,0.4549196,0.46442878
2.0,0.23231544,1.4988092,0.007935078122743067,0.17146834341184544,0.035240297260032305,0.011435062891803103,0.0071898634,10.995493,3.3159451,0.6819944,0.45466292,0.46417734
2.0,0.23291947,1.5027063,0.008047882503069603,0.17314554132562585,0.03566054345329506,0.01151689594408625,0.0072545637,10.9264,3.3055105,0.6816159,0.4544106,0.46393022
2.0,0.23352349,1.5066031,0.00816177712114043,0.17483183003135908,0.03608412015904783,0.011598788795626539,0.0073195174,10.858102,3.2951634,0.6812443,0.45416287,0.46368757
2.0,0.23412752,1.5105001,0.008276775119788112,0.17652737504466134,0.03651108186252827,0.011680756503163935,0.0073847366,10.790578,3.2849016,0.68087935,0.4539196,0.46344927
2.0,0.23473155,1.5143971,0.008392879145365463,0.17823206502778047,0.03694141234637449,0.0117627749102781,0.0074502164,10.72382,3.2747245,0.6805211,0.45368072,0.46321532
2.0,0.23533557,1.518294,0.008510091728431925,0.17994595223777315,0.037375134104018944,0.011844858918723167,0.0075159525,10.657819,3.2646315,0.6801694,0.4534463,0.46298572
2.0,0.2359396,1.522191,0.008628424414346511,0.18166910548816118,0.03781227732182746,0.011927004078787926,0.0075819497,10.592561,3.2546215,0.67982435,0.45321622,0.4627604
2.0,0.23654363,1.5260879,0.008747877953332508,0.1834015121181158,0.038252849424142976,0.012009215564145453,0.007648206,10.52804,3.2446942,0.67948574,0.4529905,0.46253935
2.0,0.23714766,1.5299848,0.008868464384709628,0.1851431980075086,0.0386968678810411,0.012091474726912212,0.0077147214,10.464237,3.2348473,0.67915356,0.45276904,0.46232244
2.0,0.23775168,1.5338818,0.008990182197813178,0.1868941857563166,0.03914435276194328,0.012173806168503745,0.0077814986,10.401152,3.2250817,0.6788278,0.4525519,0.4621098
2.0,0.23835571,1.5377787,0.009113043927842108,0.18865453286367617,0.039595328334943725,0.012256196551417402,0.007848537,10.338767,3.2153952,0.6785085,0.452339,0.4619013
2.0,0.23895973,1.5416757,0.009237051420598632,0.1904242314455728,0.04004980083700094,0.012338646575205042,0.00791583,10.277075,3.2057877,0.67819536,0.45213026,0.4616969
2.0,0.23956376,1.5455726,0.009362213508779275,0.19220330825085735,0.04050779416314931,0.01242115363681149,0.007983386,10.216066,3.196258,0.67788863,0.45192572,0.4614966
2.0,0.2401678,1.5494696,0.009488537322960558,0.19399186447028857,0.04096934176416056,0.01250372979527889,0.008051205,10.155726,3.186805,0.67758787,0.45172524,0.46130028
2.0,0.24077182,1.5533665,0.009616021655586261,0.19578977293597502,0.04143442313419543,0.012586358167436647,0.008119277,10.096054,3.177429,0.67729336,0.45152894,0.46110803
2.0,0.24137585,1.5572635,0.009744679441358014,0.19759715164418118,0.041903084491511595,0.012669046167437553,0.0081876125,10.037037,3.1681283,0.67700505,0.4513367,0.46091983
2.0,0.24197987,1.5611604,0.009874512965803927,0.1994140096293657,0.04237533400876581,0.012751795111354026,0.008256206,9.9786625,3.1589022,0.6767227,0.45114848,0.4607355
2.0,0.2425839,1.5650574,0.010005531862276129,0.20124043595900973,0.042851211874404875,0.01283461628757649,0.0083250655,9.920925,3.14975,0.67644644,0.4509643,0.46055514
2.0,0.24318792,1.5689543,0.010137738455248325,0.2030763504919128,0.0433307039175923,0.012917488551847323,0.008394182,9.863813,3.1406708,0.6761761,0.45078403,0.46037862
2.0,0.24379195,1.5728513,0.010271141962416422,0.2049218403448827,0.04381385003384697,0.013000424146597703,0.008463562,9.807322,3.1316643,0.67591166,0.45060778,0.46020606
2.0,0.24439597,1.5767481,0.010405746009928425,0.20677692019351077,0.04430066005820166,0.013083422028416385,0.008533201,9.751438,3.1227293,0.67565304,0.45043534,0.46003723
2.0,0.245,1.5806452,0.010541560233417386,0.20864163389520057,0.044791162338059465,0.013166481637807308,0.008603104,9.696156,3.1138651,0.67540026,0.45026684,0.45987222
3.0,0.155,1.0,0.0008336098454407055,0.033588181214129834,0.00540057530729926,0.0028997457709771437,0.0022107894,28.095108,5.300482,0.74668026,0.49778688,0.50649184
3.0,0.15560403,1.003897,0.0008581256226128176,0.03418458142113474,0.005514693112858127,0.002940316245019674,0.002256925,27.76013,5.2687883,0.745108,0.49673867,0.50546175
3.0,0.15620805,1.0077939,0.000883088799051589,0.034792458277038744,0.005631214307323329,0.002981947910168562,0.0023034257,27.432758,5.237629,0.7435767,0.49571782,0.5044585
3.0,0.15681209,1.0116909,0.0009085075856560002,0.035412846158822016,0.005750315871268952,0.003024793114300951,0.002350289,27.112644,5.20698,0.742084,0.4947227,0.5034807
3.0,0.1574161,1.0155878,0.0009343900417467751,0.036046575263746314,0.005872139378963137,0.003068969253722812,0.0023975056,26.799435,5.176817,0.7406271,0.49375144,0.50252634
3.0,0.15802014,1.0194848,0.0009607458357894377,0.03669438086521396,0.00599681682304154,0.0031145793156732264,0.0024450712,26.492807,5.147116,0.7392036,0.4928024,0.5015939
3.0,0.15862416,1.0233817,0.0009875831079085324,0.03735677231434423,0.00612444062583975,0.0031616913021141526,0.002492973,26.192453,5.1178565,0.73781085,0.49187392,0.50068176
3.0,0.15922819,1.0272787,0.0010149130130528894,0.038034178297317214,0.00625509693898435,0.0032103578998256823,0.0025412096,25.898054,5.089013,0.73644644,0.49096426,0.4997881
3.0,0.15983221,1.0311755,0.0010427431713383906,0.038726815145992785,0.006388833680867179,0.003260604166852007,0.0025897669,25.609354,5.0605683,0.73510814,0.4900721,0.4989117
3.0,0.16043624,1.0350726,0.0010710858710470583,0.03943486405654627,0.006525697774082627,0.0033124401609414527,0.0026386436,25.32605,5.0324993,0.7337935,0.48919564,0.49805084
3.0,0.16104028,1.0389695,0.0010999496002225785,0.040158336470901175,0.006665707955587297,0.0033658591549195612,0.0026878326,25.047926,5.0047903,0.7325007,0.48833376,0.4972043
3.0,0.1616443,1.0428665,0.0011293437456145067,0.04089712233792294,0.00680886240995443,0.00342083117311091,0.0027373265,24.77475,4.977424,0.73122776,0.48748517,0.49637085
3.0,0.16224833,1.0467634,0.001159279309994287,0.04165112658209856,0.006955165644736139,0.003477327714753278,0.0027871253,24.506306,4.9503846,0.729973,0.48664865,0.49554935
3.0,0.16285235,1.0506603,0.001189764136706098,0.04242006156183188,0.007104587108297311,0.003535294698179017,0.0028372218,24.242414,4.923659,0.72873497,0.4858233,0.49473885
3.0,0.16345638,1.0545573,0.0012208105575929962,0.04320374234695731,0.007257117555166115,0.0035946858823871263,0.002887622,23.982866,4.8972306,0.7275118,0.48500788,0.49393815
3.0,0.1640604,1.0584542,0.0012524252373596508,0.04400178374805485,0.007412709776886683,0.003655434064807731,0.002938318,23.727533,4.8710914,0.72630274,0.48420182,0.4931467
3.0,0.16466443,1.0623512,0.0012846192208257564,0.044813902451616774,0.007571338521383253,0.0037174808589059837,0.002989316,23.476244,4.845229,0.7251064,0.48340425,0.4923636
3.0,0.16526845,1.066248,0.0013173992944877952,0.04563967977667379,0.007732952807920523,0.0037807549244571383,0.0030406145,23.228886,4.8196354,0.723922,0.48261467,0.4915884
3.0,0.16587248,1.070145,0.0013507766086549963,0.04647880225287862,0.007897520943642267,0.003845191117677277,0.003092221,22.985315,4.7943,0.7227485,0.48183233,0.49082038
3.0,0.16647652,1.0740421,0.001384758497991016,0.047330875408301096,0.00806499506836067,0.003910719574387622,0.0031441357,22.745422,4.769216,0.7215852,0.4810568,0.49005908
3.0,0.16708054,1.0779389,0.001419352330391455,0.0481955084817892,0.00823533051404296,0.003977273522868595,0.0031963654,22.50912,4.7443776,0.7204316,0.48028776,0.48930416
3.0,0.16768457,1.081836,0.0014545679956483356,0.0490723679323656,0.008408489253196316,0.00404478526625131,0.0032489141,22.2763,4.7197776,0.7192871,0.47952473,0.48855522
3.0,0.16828859,1.0857328,0.0014904113026128793,0.04996105754762689,0.008584424626871812,0.004113190719033174,0.0033017886,22.046888,4.695411,0.7181513,0.4787675,0.48781204
3.0,0.16889262,1.0896298,0.0015268920611947274,0.050861264932468765,0.008763102797680666,0.004182426614096484,0.0033549964,21.82079,4.6712728,0.71702373,0.47801584,0.4870743
3.0,0.16949664,1.0935267,0.0015640158526678304,0.05177265170074129,0.008944485203534192,0.0042524376455307005,0.0034085447,21.597944,4.647359,0.7159043,0.4772695,0.48634186
3.0,0.17010067,1.0974237,0.0016017914352858046,0.052694913486897546,0.00912853880510811,0.004323164499250697,0.0034624396,21.378283,4.6236653,0.7147926,0.47652844,0.48561466
3.0,0.17070471,1.1013207,0.0016402257714123322,0.05362775608295397,0.009315231419680159,0.004394554105443162,0.0035166903,21.16173,4.6001883,0.71368855,0.47579238,0.4848924
3.0,0.17130873,1.1052176,0.0016793238830281772,0.05457087380898297,0.009504529607882062,0.00446655795879753,0.0035713043,20.948256,4.576926,0.7125922,0.47506145,0.4841752
3.0,0.17191276,1.1091145,0.001719095367298091,0.05552405952276588,0.009696414563870047,0.0045391284619757735,0.0036262884,20.737776,4.553875,0.7115031,0.47433543,0.48346287
3.0,0.17251678,1.1130115,0.0017595446261949859,0.0564870193648116,0.009890853963352984,0.004612220084768026,0.0036816515,20.530256,4.5310326,0.7104216,0.4736144,0.48275545
3.0,0.17312081,1.1169084,0.0018006795507885648,0.05745957676313794,0.010087835246885666,0.004685796594519972,0.003737402,20.325644,4.508397,0.7093475,0.47289836,0.482053
3.0,0.17372483,1.1208054,0.0018425062873630106,0.05844149993497117,0.010287332468302157,0.004759813606213126,0.0037935453,20.12388,4.485965,0.7082806,0.4721871,0.48135528
3.0,0.17432886,1.1247023,0.00188503093782919,0.059432612747307906,0.010489335784756191,0.004834242971268622,0.0038500926,19.924942,4.4637365,0.7072215,0.471481,0.48066264
3.0,0.17493288,1.1285993,0.0019282594078626565,0.060432741471060314,0.010693827520748767,0.004909049297160797,0.0039070477,19.728773,4.4417086,0.7061697,0.47077984,0.4799749
3.0,0.17553692,1.1324962,0.001972198912202497,0.06144172721714433,0.010900798610618321,0.004984201874010831,0.0039644204,19.535336,4.4198794,0.7051257,0.47008377,0.47929218
3.0,0.17614095,1.1363932,0.002016854381502474,0.0624594342474246,0.011110240733970767,0.005059677589463345,0.0040222164,19.344595,4.398249,0.70408934,0.4693929,0.4786146
3.0,0.17674497,1.1402901,0.0020622316317154893,0.06348568717257844,0.011322136124454207,0.00513544122930774,0.0040804404,19.156506,4.3768144,0.70306075,0.46870714,0.47794208
3.0,0.177349,1.1441871,0.0021083389712471417,0.06452046692359001,0.01153649860348549,0.005211481689744064,0.0041391025,18.97102,4.355573,0.7020398,0.46802652,0.47727463
3.0,0.17795302,1.148084,0.0021551787909278686,0.06556356837731986,0.011753306779843209,0.005287770407059604,0.0041982066,18.788122,4.3345265,0.7010269,0.4673513,0.47661248
3.0,0.17855705,1.151981,0.002202759688887127,0.06661495519557628,0.011972568172933018,0.005364289106271637,0.004257757,18.607763,4.3136716,0.7000221,0.4666814,0.47595564
3.0,0.17916107,1.1558778,0.0022510863314017097,0.06767453560742812,0.012194278676872727,0.005441019682667598,0.0043177586,18.429907,4.293007,0.6990252,0.4660168,0.475304
3.0,0.1797651,1.1597749,0.002300164367737709,0.06874220429984465,0.01241843894125294,0.005517945838039813,0.0043782205,18.254526,4.2725315,0.6980368,0.46535784,0.47465795
3.0,0.18036912,1.1636717,0.00234999832572217,0.0698179060124758,0.012645047094753337,0.005595052117586827,0.0044391393,18.081587,4.252245,0.69705665,0.46470448,0.4740174
3.0,0.18097316,1.1675688,0.0024005978159186373,0.07090165032580567,0.012874121427903286,0.005672327980147374,0.004500527,17.911036,4.232143,0.6960848,0.46405652,0.4733822
3.0,0.18157719,1.1714658,0.0024519655484817188,0.07199331107820556,0.01310565150194992,0.005749754856504764,0.0045623826,17.742857,4.212227,0.69512147,0.46341428,0.47275263
3.0,0.18218121,1.1753626,0.0025041061812585332,0.07309283262294589,0.013339638571438937,0.005827320027663337,0.004624707,17.577013,4.192495,0.69416666,0.4627778,0.47212872
3.0,0.18278524,1.1792597,0.002557028122731161,0.07420023981778338,0.013576103094141144,0.005905018725947661,0.004687509,17.41347,4.172945,0.69322056,0.46214703,0.47151047
3.0,0.18338926,1.1831565,0.002610733770861919,0.07531544330264864,0.013815039310256627,0.005982837997670871,0.0047507863,17.252203,4.1535773,0.6922833,0.46152216,0.47089803
3.0,0.1839933,1.1870536,0.002665232890461368,0.07643846387584571,0.014056462526668312,0.006060763855284208,0.0048145424,17.09316,4.1343875,0.6913546,0.46090302,0.47029123
3.0,0.18459731,1.1909504,0.002720525763091553,0.07756921190924687,0.014300369217493005,0.006138791928218345,0.004878776,16.936337,4.115378,0.69043493,0.46028996,0.4696904
3.0,0.18520135,1.1948473,0.002776623685552669,0.07870775346674402,0.01454678267236087,0.006216911615702862,0.0049434924,16.781672,4.096544,0.689524,0.45968267,0.4690953
3.0,0.18580537,1.1987443,0.002833527463237857,0.07985399069406429,0.014795698258874612,0.0062951158691610404,0.0050086924,16.629158,4.0778866,0.6886222,0.45908144,0.46850616
3.0,0.1864094,1.2026412,0.0028912447410508256,0.08100796592121123,0.015047134160621423,0.006373399937468946,0.0050743734,16.478756,4.0594034,0.68772954,0.45848635,0.46792305
3.0,0.18701343,1.2065383,0.0029497823449369373,0.08216965348605493,0.015301094162825768,0.006451747128014957,0.0051405355,16.330427,4.0410924,0.6868457,0.45789716,0.46734574
3.0,0.18761745,1.2104352,0.0030091423902614332,0.08333902490467367,0.015557588661997412,0.006530161491213113,0.0052071833,16.184155,4.0229535,0.68597114,0.4573141,0.46677452
3.0,0.18822148,1.2143321,0.0030693339748742343,0.08451610752838656,0.01581662870148004,0.0066086267768573365,0.00527431,16.039892,4.0049834,0.6851057,0.45673713,0.46620923
3.0,0.1888255,1.218229,0.003130359075241321,0.08570086600065852,0.016078222688539312,0.006687145462815349,0.0053419205,15.897631,3.9871833,0.6842495,0.45616633,0.46565005
3.0,0.18942954,1.222126,0.0031922265940336446,0.08689334126631165,0.016342387552201965,0.006765707770101031,0.005410013,15.757323,3.9695494,0.68340254,0.45560166,0.4650969
3.0,0.19003356,1.226023,0.0032549396483006637,0.08809349663463356,0.016609123683149818,0.006844304738247826,0.0054785814,15.618948,3.9520814,0.6825647,0.4550431,0.46454978
3.0,0.19063759,1.2299199,0.0033185050175205035,0.08930136159845503,0.0168784527352841,0.006922937682722589,0.005547632,15.482476,3.9347777,0.68173623,0.45449087,0.4640088
3.0,0.19124162,1.2338169,0.003382929326694572,0.09051694636138942,0.01715038224504717,0.007001594264963454,0.0056171594,15.347876,3.9176364,0.680917,0.45394465,0.46347386
3.0,0.19184564,1.2377138,0.0034482136013749306,0.09174020209611718,0.01742491490725473,0.007080274103129938,0.0056871604,15.215129,3.9006574,0.68010724,0.4534048,0.4629451
3.0,0.19244967,1.2416108,0.003514368407900107,0.09297121504377462,0.017702078025559675,0.0071589728018593545,0.005757638,15.084197,3.883838,0.6793067,0.45287114,0.46242243
3.0,0.1930537,1.2455077,0.003581396845615997,0.09420993367548733,0.017981868925657004,0.007237678388809014,0.0058285864,14.955051,3.867176,0.6785154,0.45234358,0.46190578
3.0,0.19365773,1.2494047,0.00364930519272141,0.0954564141989582,0.01826431129528516,0.00731639571712093,0.005900005,14.827673,3.8506718,0.6777335,0.45182234,0.46139535
3.0,0.19426174,1.2533016,0.0037180972146621935,0.09671059377033034,0.01854940109818004,0.007395109454193461,0.0059718904,14.702034,3.8343232,0.676961,0.45130733,0.46089104
3.0,0.19486578,1.2571986,0.003787781986189656,0.09797259498028049,0.018837175085436808,0.00747382912686784,0.0060442477,14.578103,3.818128,0.67619777,0.45079848,0.4603928
3.0,0.1954698,1.2610954,0.0038583607793655976,0.09924234219977775,0.01912762311905336,0.0075525407809565685,0.0061170636,14.45586,3.8020864,0.6754438,0.4502959,0.4599007
3.0,0.19607383,1.2649925,0.0039298421455637575,0.10051986571905927,0.01942076514987745,0.007631238713186179,0.006190342,14.335278,3.7861958,0.67469937,0.4497996,0.45941475
3.0,0.19667786,1.2688894,0.004002231586097219,0.10180522927559121,0.0197166215423672,0.007709926784075543,0.0062640808,14.216325,3.7704542,0.67396414,0.44930944,0.45893487
3.0,0.19728188,1.2727864,0.0040755321448753,0.10309838733455896,0.020015192241575774,0.007788595806949874,0.006338275,14.098985,3.7548616,0.6732382,0.44882548,0.45846108
3.0,0.19788592,1.2766833,0.00414975251457104,0.10439940032085712,0.020316502346285348,0.007867244802572228,0.0064129275,13.98323,3.7394156,0.6725216,0.44834775,0.4579934
3.0,0.19848993,1.2805802,0.004224896353600419,0.1057082497045272,0.020620552169335005,0.007945863108533749,0.006488028,13.869028,3.7241144,0.67181414,0.4478761,0.4575317
3.0,0.19909397,1.2844772,0.004300969819691436,0.10702499032977442,0.02092737032247527,0.00802446086340096,0.006563584,13.75637,3.708958,0.6711161,0.44741073,0.45707616
3.0,0.19969799,1.2883741,0.004377976281440324,0.10834958743860701,0.021236953201741345,0.008103024357420375,0.0066395844,13.645228,3.693945,0.6704273,0.44695157,0.45662668
3.0,0.20030202,1.2922711,0.00445592634012229,0.10968212541983197,0.02154932781468688,0.00818154879432001,0.0067160297,13.535568,3.6790717,0.66974765,0.44649842,0.45618317
3.0,0.20090604,1.296168,0.004534819470516779,0.11102255753073112,0.021864497833117724,0.008260039421567387,0.0067929183,13.4273815,3.664339,0.6690773,0.4460515,0.45574576
3.0,0.20151007,1.3000649,0.0046146678933938175,0.11237099085039581,0.022182492070018437,0.008338488389836984,0.0068702498,13.32063,3.6497438,0.6684159,0.4456106,0.45531422
3.0,0.20211409,1.3039619,0.0046954700993970715,0.1137273441330881,0.022503305386785025,0.00841689508859381,0.0069480175,13.215311,3.635287,0.6677639,0.44517592,0.45488882
3.0,0.20271812,1.3078588,0.004777238399120726,0.11509175438147323,0.022826975623137402,0.008495260425775225,0.0070262253,13.111385,3.6209648,0.6671208,0.44474724,0.4544693
3.0,0.20332214,1.3117558,0.004859973067885245,0.11646412701353188,0.023153491203627752,0.008573571999972017,0.0071048643,13.0088415,3.6067772,0.6664869,0.4443246,0.45405573
3.0,0.20392618,1.3156527,0.004943684001709349,0.11784455698569841,0.023482884131924342,0.008651832126796294,0.007183937,12.907655,3.5927224,0.6658621,0.44390804,0.4536481
3.0,0.20453021,1.3195497,0.005028375614631152,0.11923308758277518,0.023815172198408563,0.008730045354515107,0.0072634416,12.807799,3.5787985,0.6652461,0.44349742,0.4532463
3.0,0.20513423,1.3234466,0.005114049883292778,0.12062964601529748,0.02415035091078921,0.008808201260910874,0.0073433733,12.709268,3.565006,0.6646393,0.44309288,0.45285046
3.0,0.20573826,1.3273436,0.005200717871575351,0.12203436978920151,0.02448845887640394,0.008886305261677888,0.007423733,12.612026,3.5513415,0.6640414,0.44269425,0.45246044
3.0,0.20634228,1.3312405,0.0052883802666942965,0.1234471816588177,0.02482948692389897,0.00896434612381608,0.007504512,12.516066,3.537805,0.6634524,0.4423016,0.45207626
3.0,0.20694631,1.3351375,0.005377048618579132,0.1248682062560629,0.025173479251273893,0.009042333395536496,0.0075857244,12.421354,3.5243943,0.6628722,0.44191477,0.45169783
3.0,0.20755033,1.3390344,0.005466721177532334,0.12629736961008403,0.025520423658518806,0.009120260125921802,0.0076673515,12.327888,3.511109,0.662301,0.44153398,0.45132527
3.0,0.20815437,1.3429314,0.005557411104526647,0.12773480384299296,0.02587036182480174,0.009198128511221797,0.0077494024,12.235633,3.497947,0.66173846,0.44115898,0.45095843
3.0,0.20875838,1.3468282,0.0056491194997269675,0.12918044885450455,0.026223288511593834,0.009275930012412933,0.007831871,12.144579,3.4849074,0.66118467,0.4407898,0.45059723
3.0,0.20936242,1.3507253,0.0057418539338555214,0.1306343946865417,0.02657923603484247,0.009353674233275905,0.0079147555,12.054707,3.471989,0.66063976,0.44042647,0.45024183
3.0,0.20996645,1.3546222,0.0058356205357651915,0.13209663327311083,0.0269382134359204,0.009431351828624826,0.0079980595,11.965995,3.45919,0.6601034,0.4400689,0.44989207
3.0,0.21057047,1.3585192,0.005930422910453763,0.133567189291155,0.02730023254909564,0.009508963817734351,0.008081775,11.878427,3.4465094,0.6595755,0.43971702,0.4495479
3.0,0.2111745,1.3624161,0.006026268555042933,0.13504612232323712,0.027665324009419123,0.009586518344290324,0.008165908,11.791987,3.4339464,0.6590565,0.43937096,0.44920942
3.0,0.21177852,1.366313,0.006123160846025643,0.13653339092993536,0.02803348171923492,0.009663999181157991,0.008250448,11.706659,3.4214995,0.65854585,0.4390306,0.44887647
3.0,0.21238256,1.37021,0.006221109885467352,0.13802914129027255,0.02840475555286304,0.009741425896460983,0.008335405,11.622422,3.4091673,0.6580438,0.43869588,0.44854912
3.0,0.21298657,1.3741069,0.006320117908632532,0.1395332893522639,0.028779134323024258,0.00981878059712666,0.008420774,11.539261,3.3969488,0.6575501,0.43836674,0.4482272
3.0,0.2135906,1.378004,0.006420194258396672,0.14104597743975494,0.02915665937055822,0.009896076595368206,0.00850655,11.457156,3.3848422,0.6570648,0.4380432,0.44791082
3.0,0.21419464,1.3819009,0.0065213415745803876,0.1425671437314921,0.029537331026420085,0.009973306302678921,0.008592737,11.376099,3.3728473,0.65658796,0.4377253,0.44759992
3.0,0.21479866,1.3857977,0.0066235652540097235,0.14409679906202902,0.029921161299824472,0.010050465537795303,0.008679333,11.296066,3.3609622,0.65611935,0.4374129,0.44729438
3.0,0.2154027,1.3896948,0.006726876091482207,0.14563511447653069,0.030308196825375337,0.010127568550928716,0.008766336,11.217043,3.3491855,0.6556589,0.43710592,0.44699422
3.0,0.21600671,1.3935916,0.006831273205787211,0.14718199171166607,0.03069843282503759,0.010204613207675961,0.008853749,11.13902,3.337517,0.65520674,0.4368045,0.44669947
3.0,0.21661074,1.3974887,0.006936768973703231,0.14873748969000566,0.03109188956336062,0.010281582642250927,0.008941569,11.061975,3.3259547,0.65476274,0.43650848,0.44641
3.0,0.21721476,1.4013855,0.007043363172180859,0.15030164003414234,0.0314885867411232,0.010358497224580626,0.009029795,10.985896,3.314498,0.6543268,0.43621787,0.44612584
3.0,0.2178188,1.4052825,0.007151068723001742,0.15187452617838731,0.031888556264219936,0.01043535009521471,0.009118433,10.910766,3.3031447,0.6538989,0.43593258,0.44584692
3.0,0.21842282,1.4091794,0.007259885138608457,0.1534561190636952,0.03229179754656386,0.010512142130738492,0.009207471,10.836574,3.2918952,0.653479,0.43565264,0.44557318
3.0,0.21902685,1.4130764,0.0073698227822611515,0.15504649753100652,0.03269834946185024,0.010588881115066784,0.009296922,10.763304,3.2807474,0.6530671,0.43537804,0.44530472
3.0,0.21963088,1.4169735,0.007480886635627081,0.15664567771297533,0.03310822003793923,0.010665560131057985,0.009386777,10.690942,3.2697005,0.65266305,0.4351087,0.44504136
3.0,0.2202349,1.4208703,0.007593080183776873,0.1582536764952953,0.03352142496265187,0.01074218441132125,0.009477036,10.619475,3.2587535,0.65226686,0.43484455,0.44478312
3.0,0.22083893,1.4247673,0.007706413710904805,0.15987052720977862,0.03393798943576032,0.010818748303045904,0.009567706,10.548887,3.247905,0.6518784,0.43458563,0.44452998
3.0,0.22144295,1.4286642,0.007820888000590531,0.1614962442655251,0.03435792483607813,0.010895260834306537,0.009658782,10.47917,3.2371545,0.6514978,0.43433186,0.4442819
3.0,0.22204699,1.4325612,0.00793651699413814,0.16313097408437238,0.03478127571240975,0.01097172472999533,0.009750266,10.410301,3.2264998,0.6511247,0.43408313,0.44403875
3.0,0.222651,1.4364581,0.008053298655048642,0.1647745694374932,0.03520802095240328,0.011048124987257352,0.009842154,10.342276,3.215941,0.6507593,0.4338395,0.4438006
3.0,0.22325504,1.4403551,0.008171244115252914,0.16642723086339153,0.035638225391187106,0.011124493045428362,0.009934455,10.275082,3.2054768,0.65040153,0.43360102,0.44356745
3.0,0.22385906,1.444252,0.008290357111287639,0.16808889684259357,0.03607187696000902,0.011200805626146101,0.010027161,10.208701,3.1951058,0.6500512,0.43336746,0.44333914
3.0,0.22446309,1.448149,0.008410647426734145,0.16975961250384813,0.036509006619951156,0.011277064339748722,0.010120278,10.143124,3.184827,0.64970833,0.43313888,0.4431157
3.0,0.22506712,1.4520459,0.008532118128445825,0.17143945987098974,0.036949640890034496,0.011353286504697021,0.010213802,10.07834,3.1746402,0.64937294,0.43291527,0.44289714
3.0,0.22567114,1.4559429,0.008654772375258697,0.1731283874596491,0.037393783151591364,0.011429466025815273,0.010307735,10.014337,3.1645436,0.64904493,0.4326966,0.4426834
3.0,0.22627518,1.4598398,0.00877862370237694,0.17482650137698066,0.03784147105536695,0.011505599948236127,0.010402081,9.951099,3.1545362,0.6487242,0.43248278,0.4424744
3.0,0.2268792,1.4637368,0.008903673199038429,0.17653378810640996,0.03829271050985428,0.01158169091273899,0.010496834,9.888618,3.1446173,0.6484106,0.43227375,0.4422701
3.0,0.22748323,1.4676337,0.009029931032739138,0.17825033852241884,0.03874754225947719,0.011657749161259778,0.010592005,9.826882,3.134786,0.6481043,0.4320695,0.44207048
3.0,0.22808725,1.4715306,0.00915739934504406,0.17997614388811217,0.03920596668473575,0.011733768649603571,0.010687581,9.765879,3.1250405,0.64780504,0.43186998,0.44187546
3.0,0.22869128,1.4754276,0.00928608693858335,0.18171121433957105,0.039668010585654834,0.01180974976990478,0.010783573,9.705602,3.1153815,0.647513,0.43167531,0.4416852
3.0,0.2292953,1.4793245,0.009415997945072785,0.18345560957688953,0.040133692590591075,0.011885698755372723,0.010879976,9.646036,3.1058068,0.6472279,0.43148527,0.44149947
3.0,0.22989933,1.4832215,0.009547144170356944,0.18520939725049784,0.040603048098433396,0.011961615587362563,0.010976798,9.58717,3.0963154,0.64694977,0.43129984,0.44131824
3.0,0.23050337,1.4871185,0.009679527958797002,0.1869725818253849,0.04107608544973229,0.012037501573341283,0.011074031,9.528996,3.0869071,0.64667857,0.43111905,0.44114158
3.0,0.23110738,1.4910153,0.009813152932715976,0.1887451586238921,0.041552822538633016,0.012113363740485088,0.011171683,9.471505,3.0775812,0.6464143,0.43094286,0.44096938
3.0,0.23171142,1.4949124,0.009948033215413678,0.19052721977932202,0.04203328827699426,0.012189188630753228,0.011269749,9.414681,3.0683353,0.6461567,0.43077114,0.4408016
3.0,0.23231544,1.4988092,0.010084165325054127,0.19231876239779988,0.04251749887173095,0.012265002896568573,0.011368232,9.358522,3.0591702,0.64590603,0.43060404,0.44063827
3.0,0.23291947,1.5027063,0.010221566159060618,0.19411984553132794,0.04300548477606192,0.012340786298880066,0.011467138,9.303012,3.0500839,0.645662,0.43044132,0.44047928
3.0,0.23352349,1.5066031,0.010360231914495924,0.1959304353100165,0.04349724409998679,0.012416548356499014,0.011566456,9.248148,3.0410767,0.6454247,0.43028313,0.44032466
3.0,0.23412752,1.5105001,0.010500180966634902,0.1977506562737765,0.04399282463534604,0.012492281735441334,0.011666199,9.19391,3.032146,0.6451939,0.43012923,0.44017428
3.0,0.23473155,1.5143971,0.010641411028293964,0.19958049320485688,0.04449224151994535,0.012568008435063463,0.011766367,9.140299,3.0232928,0.6449697,0.4299798,0.44002825
3.0,0.23533557,1.518294,0.010783929053302091,0.2014199705848925,0.044995504259772286,0.01264371709986601,0.011866954,9.087301,3.0145152,0.64475197,0.42983463,0.43988642
3.0,0.2359396,1.522191,0.010927747717186126,0.20326917310046555,0.04550265012416733,0.012719406972608947,0.011967963,9.034905,3.005812,0.6445406,0.42969376,0.43974876
3.0,0.23654363,1.5260879,0.01107286473748117,0.20512802918526976,0.04601367885330366,0.012795084640860148,0.012069396,8.98311,2.9971838,0.64433575,0.4295572,0.4396153
3.0,0.23714766,1.5299848,0.011219295947425443,0.20699666640571018,0.04652863123867057,0.01287074339639424,0.012171254,8.9319,2.9886284,0.64413726,0.42942482,0.43948597
3.0,0.23775168,1.5338818,0.011367039557482767,0.2088750452456449,0.047047518708327685,0.01294640003587938,0.012273542,8.881271,2.9801462,0.64394504,0.4292967,0.4393608
3.0,0.23835571,1.5377787,0.01151611306380183,0.21076329982710656,0.04757037865317515,0.013022039461769663,0.012376258,8.831208,2.971735,0.6437589,0.4291726,0.43923953
3.0,0.23895973,1.5416757,0.011666509551747603,0.21266132457997167,0.048097204403282134,0.013097675748039328,0.012479398,8.781713,2.9633954,0.6435791,0.42905274,0.43912244
3.0,0.23956376,1.5455726,0.011818246692608048,0.2145692540158609,0.04862804011331079,0.01317330003548664,0.012582967,8.732769,2.9551258,0.64340544,0.428937,0.4390093
3.0,0.2401678,1.5494696,0.011971328307171972,0.21648711394223177,0.049162911350157934,0.013248926428642019,0.0126869725,8.684372,2.9469259,0.6432378,0.42882526,0.43890014
3.0,0.24077182,1.5533665,0.012125757255305557,0.21841486673767593,0.04970181534825735,0.013324543582340677,0.0127914045,8.636513,2.9387944,0.6430763,0.4287175,0.43879488
3.0,0.24137585,1.5572635,0.012281544259396182,0.2203525875446626,0.05024479417461647,0.013400161396427926,0.012896271,8.589187,2.9307315,0.6429208,0.42861384,0.4386936
3.0,0.24197987,1.5611604,0.012438697009787518,0.22230032142363249,0.050791862567207254,0.013475771537844697,0.013001573,8.542378,2.9227347,0.642771,0.42851397,0.43859604
3.0,0.2425839,1.5650574,0.01259721783788233,0.22425807868966322,0.05134304730012884,0.013551393786481847,0.013107307,8.496092,2.9148057,0.64262736,0.42841825,0.43850252
3.0,0.24318792,1.5689543,0.012757116227140309,0.22622585225569058,0.05189835519453756,0.01362700651311663,0.013213481,8.450312,2.906942,0.64248943,0.42832628,0.43841264
3.0,0.24379195,1.5728513,0.012918401570501156,0.22820374095095633,0.05245782674571586,0.013702622034212394,0.01332009,8.405032,2.8991435,0.64235735,0.4282382,0.4383266
3.0,0.24439597,1.5767481,0.013081073650392882,0.23019169777282256,0.05302146317310274,0.013778242221924093,0.013427135,8.360248,2.8914092,0.642231,0.428154,0.4382443
3.0,0.245,1.5806452,0.013245148497965532,0.2321898634281686,0.0535893191695358,0.0138538736756392,0.013534625,8.31595,2.883739,0.6421104,0.42807356,0.43816572
