muB/T,T [GeV],T/T_c,P [GeV^4],s [GeV^3],eps [GeV^4],Delta [GeV^4],nB [GeV^3],g^2,g,m_g [GeV],m_{u/d} [GeV],m_s [GeV]
0.0,0.155,1.0,0.0004129201068615429,0.019887858012137556,0.0026696979087279527,0.001430937588143324,-4.4443295e-06,39.97063,6.322233,0.84865826,0.5657722,0.57344604
0.0,0.15560403,1.003897,0.0004250786025641892,0.02037120281645604,0.002744762746599294,0.0014695269389067265,-4.2085694e-06,39.57628,6.290968,0.8477523,0.56516814,0.57285017
0.0,0.15620805,1.0077939,0.0004375318379220726,0.020865221776089002,0.002821783835958852,0.0015091883221926342,-3.9870342e-06,39.185898,6.259864,0.8468353,0.56455684,0.5722471
0.0,0.15681209,1.0116909,0.0004502870691049978,0.021370475744054197,0.0029008618261216475,0.001550000618806654,-3.7844181e-06,38.79936,6.2289133,0.8459066,0.5639378,0.57163626
0.0,0.1574161,1.0155878,0.00046335083092124155,0.021887448948080316,0.002982086136789963,0.0015920336440262384,-3.602083e-06,38.41654,6.1981077,0.8449654,0.56331027,0.5710172
0.0,0.15802014,1.0194848,0.0004767307431202665,0.022416617962034747,0.003065546337334135,0.0016353541079733357,-3.4434577e-06,38.037315,6.16744,0.84401083,0.56267387,0.57038945
0.0,0.15862416,1.0233817,0.0004904338142082057,0.022958359276846477,0.003151316579291047,0.0016800151366664299,-3.3101408e-06,37.661564,6.136902,0.84304184,0.56202793,0.5697523
0.0,0.15922819,1.0272787,0.0005044682772681895,0.023513020126742033,0.003239467377279287,0.0017260625454747183,-3.2023772e-06,37.28916,6.1064854,0.84205776,0.56137186,0.5691051
0.0,0.15983221,1.0311755,0.0005188412162370788,0.02408084433332701,0.003330053336540184,0.0017735296878289477,-3.1210404e-06,36.92001,6.076184,0.8410578,0.5607052,0.5684475
0.0,0.16043624,1.0350726,0.0005335619214588109,0.02466207669958136,0.0034231290043318925,0.0018224432399554596,-3.067224e-06,36.55395,6.045986,0.8400406,0.56002706,0.5677786
0.0,0.16104028,1.0389695,0.0005486376242388864,0.025256811694612344,0.003518726309240383,0.001872813436523724,-3.039523e-06,36.190933,6.01589,0.8390059,0.55933726,0.56709826
0.0,0.1616443,1.0428665,0.0005640760985268675,0.02586509833564589,0.0036168694833708936,0.001924641187790291,-3.0375081e-06,35.830868,5.985889,0.83795303,0.55863535,0.56640595
0.0,0.16224833,1.0467634,0.0005798865800140956,0.026486976479101858,0.003717581076186749,0.001977921336144462,-3.059369e-06,35.47366,5.955977,0.8368813,0.5579209,0.5657013
0.0,0.16285235,1.0506603,0.0005960763454562669,0.027122338693235853,0.003820860164075901,0.0020326311277071006,-3.104945e-06,35.119263,5.926151,0.83579034,0.5571936,0.564984
0.0,0.16345638,1.0545573,0.0006126547854829995,0.027771135346827448,0.003926714476999216,0.0020887501205502173,-3.171338e-06,34.767597,5.896405,0.8346797,0.5564531,0.56425375
0.0,0.1640604,1.0584542,0.0006296281054328723,0.028433113763197074,0.004035119881557636,0.002146235565259019,-3.2579442e-06,34.418674,5.866743,0.8335497,0.55569977,0.56351084
0.0,0.16466443,1.0623512,0.0006470059442504997,0.029108135472918552,0.004146068661806973,0.002205050829055474,-3.361118e-06,34.072422,5.8371587,0.8323997,0.5549332,0.56275487
0.0,0.16526845,1.066248,0.0006647949678068443,0.029795897690096183,0.00425952688885739,0.002265141985436857,-3.4798866e-06,33.72886,5.8076553,0.8312304,0.55415356,0.56198615
0.0,0.16587248,1.070145,0.0006830030809273767,0.030496131315104473,0.004375465986287408,0.0023264567435052775,-3.611736e-06,33.387974,5.7782326,0.8300419,0.5533613,0.5612049
0.0,0.16647652,1.0740421,0.0007016387272731586,0.03120854694118593,0.004493851496704948,0.0023889353148854723,-3.754018e-06,33.04974,5.7488904,0.8288342,0.5525561,0.56041104
0.0,0.16708054,1.0779389,0.0007207073462694477,0.03193275108558864,0.0046146338365436745,0.0024525117977353315,-3.905833e-06,32.71423,5.7196355,0.8276083,0.55173886,0.55960524
0.0,0.16768457,1.081836,0.0007402175039786427,0.03266841788074995,0.0047377720994609684,0.0025171195875250403,-4.064031e-06,32.38142,5.6904674,0.8263646,0.5509097,0.55878776
0.0,0.16828859,1.0857328,0.0007601745834895024,0.03341514403955462,0.004863212842248776,0.002582689091780269,-4.2253528e-06,32.05138,5.6613936,0.825104,0.55006933,0.5579592
0.0,0.16889262,1.0896298,0.0007805866564592146,0.034172601929903054,0.00499091368383997,0.0026491537144623266,-4.390138e-06,31.724115,5.6324162,0.8238271,0.54921806,0.55712
0.0,0.16949664,1.0935267,0.0008014591634968764,0.03494036951757376,0.005120816089762115,0.0027164385992714856,-4.5547836e-06,31.399675,5.6035414,0.82253486,0.54835653,0.5562708
0.0,0.17010067,1.0974237,0.0008227984842567063,0.03571806761465117,0.0052528688921576186,0.0027844734393875,-4.7187023e-06,31.078112,5.5747747,0.82122844,0.54748565,0.55541223
0.0,0.17070471,1.1013207,0.0008446108111658321,0.03650534114817938,0.005387022771842997,0.0028531903383455003,-4.8785096e-06,30.759457,5.5461206,0.8199087,0.54660577,0.554545
0.0,0.17130873,1.1052176,0.0008669006964389891,0.037301754508316166,0.0055232153486427515,0.0029225132593257842,-5.0336193e-06,30.443787,5.5175886,0.8185769,0.5457179,0.5536698
0.0,0.17191276,1.1091145,0.0008896749130302424,0.038107028901371603,0.005661409583369026,0.002992384844278299,-5.1823417e-06,30.131126,5.4891825,0.817234,0.54482263,0.5527875
0.0,0.17251678,1.1130115,0.0009129376517159355,0.03892075099954788,0.005801544912404366,0.0030627319572565596,-5.323951e-06,29.821527,5.460909,0.81588125,0.5439208,0.5518986
0.0,0.17312081,1.1169084,0.0009366948885744357,0.039742631434885684,0.005943581719821844,0.003133497054098537,-5.457388e-06,29.515047,5.4327755,0.8145198,0.5430132,0.5510042
0.0,0.17372483,1.1208054,0.0009609505329137228,0.04057232960822611,0.00608747053708969,0.0032046189383485215,-5.581334e-06,29.211727,5.4047875,0.8131509,0.5421006,0.5501048
0.0,0.17432886,1.1247023,0.0009857100329931606,0.04140959009958516,0.006233176752068914,0.0032760466530894323,-5.694013e-06,28.91161,5.3769517,0.81177574,0.5411838,0.5492014
0.0,0.17493288,1.1285993,0.0010109768810003634,0.04225408473692717,0.006380651946320259,0.003347721303319169,-5.79525e-06,28.614748,5.3492756,0.81039554,0.5402637,0.5482947
0.0,0.17553692,1.1324962,0.0010367564647127366,0.04310562461665046,0.006529871928087737,0.0034196025339495277,-5.8869987e-06,28.321165,5.3217635,0.8090114,0.539341,0.5473855
0.0,0.17614095,1.1363932,0.001063052736060677,0.043963965583010245,0.006680801889251964,0.003491643681069933,-5.9658123e-06,28.030903,5.2944217,0.8076246,0.5384163,0.5464745
0.0,0.17674497,1.1402901,0.0010898689625657172,0.04482887825416275,0.006833409676450963,0.003563802788753812,-6.0342745e-06,27.74399,5.2672563,0.80623597,0.5374906,0.5455625
0.0,0.177349,1.1441871,0.0011172097838762778,0.04570022142753767,0.006987678839509015,0.0036360494878801817,-6.0889965e-06,27.460464,5.2402735,0.80484694,0.53656465,0.5446502
0.0,0.17795302,1.148084,0.0011450782323837263,0.04657780590074294,0.007143582980433107,0.003708348283281928,-6.1331907e-06,27.18034,5.2134767,0.8034585,0.535639,0.5437383
0.0,0.17855705,1.151981,0.0011734793662481315,0.0474615486107076,0.0073011148943847295,0.003780676795640335,-6.1672354e-06,26.903633,5.186871,0.8020716,0.53471434,0.5428275
0.0,0.17916107,1.1558778,0.0012024154891697302,0.04835129729634074,0.00746025475626766,0.003853008288758469,-6.1904357e-06,26.630363,5.1604614,0.8006871,0.5337914,0.54191834
0.0,0.1797651,1.1597749,0.0012318915584422668,0.04924700550457994,0.007621001569212638,0.0039253268938858376,-6.20356e-06,26.360535,5.134251,0.7993061,0.5328707,0.5410115
0.0,0.18036912,1.1636717,0.001261909194742876,0.05014854709541167,0.007783340305526521,0.003997612721297893,-6.206133e-06,26.09417,5.1082454,0.7979296,0.53195304,0.54010767
0.0,0.18097316,1.1675688,0.001292474761997151,0.05105596903503208,0.007947285152601735,0.0040698608666102825,-6.2025183e-06,25.831232,5.0824437,0.79655796,0.5310386,0.53920704
0.0,0.18157719,1.1714658,0.0013235892568980632,0.05196915986542988,0.008112824797457618,0.004142057026763429,-6.190976e-06,25.571758,5.056853,0.7951924,0.5301283,0.5383105
0.0,0.18218121,1.1753626,0.0013552573199846578,0.05288815875655903,0.008279971401299657,0.004214199441345684,-6.171795e-06,25.31572,5.0314727,0.7938334,0.52922225,0.5374183
0.0,0.18278524,1.1792597,0.0013874825367165135,0.05381295624637183,0.008448731736344084,0.004286284126194544,-6.1497694e-06,25.06311,5.006307,0.79248166,0.52832115,0.536531
0.0,0.18338926,1.1831565,0.001420267272943217,0.0547435498429595,0.008619111897251728,0.004358310078422077,-6.121883e-06,24.813927,4.981358,0.7911381,0.52742535,0.53564894
0.0,0.1839933,1.1870536,0.0014536169947303068,0.05568001858152719,0.008791133080563951,0.00443028209637303,-6.0909074e-06,24.56813,4.956625,0.7898028,0.5265352,0.53477246
0.0,0.18459731,1.1909504,0.001487532588970838,0.05662233712754384,0.008964798723434031,0.004502200956521517,-6.0595175e-06,24.325726,4.9321117,0.7884768,0.5256512,0.5339021
0.0,0.18520135,1.1948473,0.0015220210225562372,0.057570644727802704,0.00914013992145102,0.004574076853782309,-6.0259836e-06,24.086658,4.907816,0.7871601,0.52477336,0.53303784
0.0,0.18580537,1.1987443,0.0015570822896447327,0.05852493371653678,0.009317164407097178,0.004645917538162981,-5.9926897e-06,23.85094,4.8837423,0.78585356,0.52390236,0.53218037
0.0,0.1864094,1.2026412,0.0015927230727535997,0.05948531560570744,0.009495898853479234,0.0047177296352184355,-5.9626404e-06,23.618504,4.859887,0.7845572,0.52303815,0.53132963
0.0,0.18701343,1.2065383,0.0016289457282963056,0.06045182840851218,0.009676358196240187,0.00478952101135127,-5.9346507e-06,23.389336,4.836252,0.7832716,0.5221811,0.5304859
0.0,0.18761745,1.2104352,0.0016657532015588177,0.061424576745367804,0.009858569313245136,0.004861309708568682,-5.9108306e-06,23.163412,4.812838,0.7819971,0.52133137,0.52964956
0.0,0.18822148,1.2143321,0.0017031512397471535,0.06240364826927121,0.01004255607088611,0.00493310235164465,-5.8942137e-06,22.940674,4.7896423,0.7807337,0.52048916,0.5288206
0.0,0.1888255,1.218229,0.0017411411946047512,0.0633890914112005,0.010228335875300533,0.00500491229148628,-5.882513e-06,22.721115,4.766667,0.779482,0.5196547,0.5279993
0.0,0.18942954,1.222126,0.001779729444381733,0.06438104548733128,0.010415942159211433,0.005076753826066234,-5.879219e-06,22.50467,4.7439084,0.778242,0.518828,0.5271857
0.0,0.19003356,1.226023,0.0018189183115620744,0.06537954552136899,0.01060538915016318,0.005148634215476957,-5.8842706e-06,22.29131,4.7213674,0.7770138,0.5180092,0.5263799
0.0,0.19063759,1.2299199,0.0018587126761589867,0.0663847227720019,0.01079671078640132,0.00522057275792436,-5.8986493e-06,22.080994,4.699042,0.7757977,0.5171985,0.5255821
0.0,0.19124162,1.2338169,0.0018991169730550386,0.06739666361849901,0.010989930292789385,0.005292579373624269,-5.922079e-06,21.873678,4.6769304,0.7745937,0.5163958,0.5247922
0.0,0.19184564,1.2377138,0.001940133268657215,0.06841542346799286,0.011185067469383638,0.005364667663411992,-5.9592808e-06,21.66933,4.6550326,0.77340204,0.51560134,0.5240105
0.0,0.19244967,1.2416108,0.001981767200846576,0.06944108150080741,0.011382146296904873,0.005436844694365145,-6.0059583e-06,21.4679,4.6333466,0.77222276,0.5148152,0.523237
0.0,0.1930537,1.2455077,0.002024022696430431,0.07047376320567295,0.011581197520381782,0.0055091294310904895,-6.0665857e-06,21.269346,4.6118703,0.77105576,0.5140372,0.52247155
0.0,0.19365773,1.2494047,0.002066904943978264,0.07151353778048819,0.011782244164340594,0.005581529332405802,-6.140038e-06,21.07362,4.5906014,0.7699012,0.5132675,0.52171427
0.0,0.19426174,1.2533016,0.002110416632131249,0.07256047214904708,0.01198530727787861,0.005654057381484862,-6.2258578e-06,20.88068,4.569538,0.7687591,0.51250607,0.52096516
0.0,0.19486578,1.2571986,0.0021545632835621347,0.07361461848451817,0.012190406626116701,0.005726716775430297,-6.326765e-06,20.690495,4.5486803,0.76762944,0.51175296,0.52022433
0.0,0.1954698,1.2610954,0.0021993485206460895,0.07467609323957312,0.01239757224007443,0.005799526678136161,-6.4420597e-06,20.503006,4.5280247,0.76651216,0.5110081,0.5194916
0.0,0.19607383,1.2649925,0.002244777491746156,0.07574493159455457,0.012606821358760012,0.0058724888835215445,-6.570777e-06,20.318174,4.5075684,0.7654073,0.51027155,0.5187671
0.0,0.19667786,1.2688894,0.0022908543817296407,0.0768212333478229,0.012818181672073603,0.0059456185268846815,-6.715748e-06,20.135962,4.4873114,0.7643149,0.50954324,0.51805073
0.0,0.19728188,1.2727864,0.0023375829977970324,0.07790501445082826,0.013031664883298988,0.00601891588990789,-6.8737468e-06,19.95632,4.46725,0.7632346,0.5088231,0.51734245
0.0,0.19788592,1.2766833,0.002384969110863286,0.07899637261003768,0.013247300415076936,0.0060923930824870794,-7.045518e-06,19.77921,4.4473825,0.76216674,0.5081112,0.5166422
0.0,0.19848993,1.2805802,0.0024330166620458865,0.08009533271551837,0.013465100658865747,0.006166050672728088,-7.2351654e-06,19.604584,4.4277062,0.7611109,0.50740725,0.51594996
0.0,0.19909397,1.2844772,0.002481730374900009,0.08120198700324333,0.013685095400763903,0.006239904276063875,-7.4369405e-06,19.432407,4.4082203,0.7600673,0.50671154,0.51526576
0.0,0.19969799,1.2883741,0.0025311142207876695,0.0823163456108148,0.013907294232752276,0.006313951570389268,-7.652742e-06,19.262638,4.388922,0.7590357,0.50602376,0.5145894
0.0,0.20030202,1.2922711,0.0025811747056811046,0.08343848719240375,0.01413172280094732,0.006388198683904006,-7.882087e-06,19.095226,4.3698087,0.758016,0.505344,0.513921
0.0,0.20090604,1.296168,0.002631913251424995,0.08456839421152568,0.014358387793677707,0.006462648039402722,-8.1253675e-06,18.93015,4.350879,0.7570084,0.5046722,0.5132604
0.0,0.20151007,1.3000649,0.002683339846430055,0.08570619971120326,0.014587322607176212,0.006537303067886047,-8.381926e-06,18.767342,4.332129,0.75601214,0.50400805,0.51260746
0.0,0.20211409,1.3039619,0.002735452516062801,0.08685183205343197,0.0148185265123415,0.006612168964153096,-8.6498185e-06,18.606796,4.3135595,0.75502795,0.503352,0.51196235
0.0,0.20271812,1.3078588,0.002788261981932083,0.08800543509782874,0.015052034704739368,0.006687248758943118,-8.931229e-06,18.44845,4.295166,0.7540552,0.5027035,0.5113248
0.0,0.20332214,1.3117558,0.002841769144141086,0.08916696642428873,0.015287849497218842,0.006762542064795584,-9.2203845e-06,18.292274,4.276947,0.75309396,0.5020627,0.5106948
0.0,0.20392618,1.3156527,0.0028959817461632893,0.0903364878055699,0.015525992750188289,0.006838047511698421,-9.524234e-06,18.138231,4.2589,0.75214416,0.50142944,0.51007223
0.0,0.20453021,1.3195497,0.002950903441344441,0.09151402148566695,0.015766478527269312,0.0069137682032359895,-9.835521e-06,17.98628,4.2410235,0.75120556,0.5008037,0.5094571
0.0,0.20513423,1.3234466,0.003006537628543538,0.09269957363362281,0.01600931783284354,0.0069897049472129255,-1.0156838e-05,17.836393,4.2233152,0.7502781,0.50018543,0.5088494
0.0,0.20573826,1.3273436,0.0030628912380510644,0.09389321658439649,0.01625453589383508,0.007065862179681887,-1.0485283e-05,17.688532,4.205774,0.7493619,0.49957457,0.5082489
0.0,0.20634228,1.3312405,0.0031199671494834954,0.09509489536834174,0.016502130368722057,0.007142228920271571,-1.0820867e-05,17.54266,4.188396,0.74845654,0.49897102,0.50765574
0.0,0.20694631,1.3351375,0.003177772394458355,0.09630469003300043,0.016752128169189806,0.0072188109858147415,-1.116356e-05,17.398746,4.1711802,0.74756217,0.49837476,0.50706965
0.0,0.20755033,1.3390344,0.0032363096249405083,0.09752258920981993,0.01700453613819941,0.007295607263377886,-1.151103e-05,17.256756,4.154125,0.74667853,0.49778566,0.5064907
0.0,0.20815437,1.3429314,0.0032955863478026947,0.0987486377548798,0.017259373680187484,0.0073726146367794,-1.1863146e-05,17.116655,4.137228,0.74580556,0.4972037,0.50591874
0.0,0.20875838,1.3468282,0.0033556046695546933,0.09998281422997411,0.0175166460558005,0.00744983204713642,-1.221817e-05,16.978416,4.120487,0.7449432,0.4966288,0.50535375
0.0,0.20936242,1.3507253,0.00341637229022104,0.10122519398730834,0.017776379030767456,0.007527262160104336,-1.25768975e-05,16.842003,4.103901,0.74409133,0.49606088,0.5047957
0.0,0.20996645,1.3546222,0.0034778928771900296,0.1024757320714933,0.018038572892278282,0.007604894260708192,-1.2934613e-05,16.707388,4.087467,0.74324983,0.49549988,0.5042444
0.0,0.21057047,1.3585192,0.003540170545822044,0.10373446023259841,0.01830324344854362,0.007682731811077488,-1.3293108e-05,16.574537,4.0711837,0.7424185,0.4949457,0.5036998
0.0,0.2111745,1.3624161,0.0036032111602624646,0.1050014000371611,0.018570407303611924,0.007760773822824531,-1.3650753e-05,16.443428,4.05505,0.7415976,0.4943984,0.503162
0.0,0.21177852,1.366313,0.0036670190859681507,0.10627653337818685,0.01884006802702487,0.007839010769120417,-1.4004258e-05,16.314026,4.0390625,0.7407866,0.49385774,0.5026308
0.0,0.21238256,1.37021,0.003731600528195982,0.10755992047994978,0.019112250199786022,0.007917448615198075,-1.4356769e-05,16.186304,4.0232205,0.7399857,0.4933238,0.5021062
0.0,0.21298657,1.3741069,0.003796958284442852,0.10885152091436473,0.01938695418374492,0.007996079330416364,-1.47020955e-05,16.060238,4.0075226,0.7391947,0.49279648,0.5015881
0.0,0.2135906,1.378004,0.003863100319717668,0.11015138808515895,0.019664201528470038,0.008074900569317034,-1.504482e-05,15.935793,3.991966,0.7384135,0.49227566,0.50107646
0.0,0.21419464,1.3819009,0.003930030532380788,0.11145952265992451,0.019944001855984328,0.008153910258841964,-1.5379435e-05,15.812945,3.9765494,0.737642,0.4917613,0.50057113
0.0,0.21479866,1.3857977,0.003997750987716995,0.11277588703474488,0.020226358324606064,0.00823310536145508,-1.570408e-05,15.691676,3.961272,0.7368802,0.49125347,0.5000722
0.0,0.2154027,1.3896948,0.004066271084592656,0.11410054840077333,0.020511294263093616,0.008312481009315649,-1.601858e-05,15.571951,3.9461312,0.73612785,0.49075192,0.49957952
0.0,0.21600671,1.3935916,0.004135592018348316,0.1154334738002768,0.020798813011026485,0.008392036955981536,-1.6325264e-05,15.45375,3.9311256,0.73538506,0.49025673,0.49909306
0.0,0.21661074,1.3974887,0.0042057228264578295,0.11677472845802961,0.021088938054776518,0.00847176957540303,-1.6619504e-05,15.337041,3.9162533,0.73465157,0.48976773,0.49861273
0.0,0.21721476,1.4013855,0.004276663236149937,0.11812425780618216,0.021381669447204654,0.008551679738754842,-1.6900365e-05,15.221813,3.9015143,0.73392755,0.48928502,0.4981386
0.0,0.2178188,1.4052825,0.00434842540089352,0.11948214116048139,0.0216770308060168,0.008631754603336237,-1.7165845e-05,15.108024,3.8869042,0.7332124,0.48880827,0.49767035
0.0,0.21842282,1.4091794,0.004421006115525999,0.12084827330153237,0.021975013951496813,0.008711995604918817,-1.7415885e-05,14.995673,3.8724246,0.73250675,0.4883378,0.49720827
0.0,0.21902685,1.4130764,0.004494416594720758,0.12222281091729965,0.02227566051655161,0.008792410732389335,-1.7648374e-05,14.884722,3.8580723,0.73181003,0.48787335,0.4967521
0.0,0.21963088,1.4169735,0.0045686611576611115,0.12360566698476398,0.022578960520196922,0.008872977047213588,-1.7862909e-05,14.7751465,3.8438454,0.7311222,0.48741478,0.49630174
0.0,0.2202349,1.4208703,0.004643740983027051,0.12499686693074225,0.022884931594896907,0.008953708645815754,-1.8058423e-05,14.66694,3.829744,0.7304433,0.4869622,0.49585727
0.0,0.22083893,1.4247673,0.004719665345997592,0.1263964314720728,0.023193587864844822,0.009034591826852047,-1.8233097e-05,14.560064,3.8157651,0.7297732,0.4865155,0.49541858
0.0,0.22144295,1.4286642,0.004796435317206696,0.12780434972493304,0.02350493726044622,0.009115631308826134,-1.8385917e-05,14.454514,3.8019092,0.72911197,0.48607466,0.49498567
0.0,0.22204699,1.4325612,0.004874061094433603,0.12922070589602247,0.023819007207292135,0.009196823923991324,-1.851537e-05,14.350251,3.7881725,0.7284593,0.4856395,0.49455836
0.0,0.222651,1.4364581,0.004952542789329533,0.13064541776379104,0.02413579074715244,0.009278162379163842,-1.8621004e-05,14.247269,3.7745554,0.7278152,0.48521012,0.49413672
0.0,0.22325504,1.4403551,0.00503188925503882,0.13207857812592208,0.024455318757977015,0.009359650992860555,-1.8701032e-05,14.145542,3.761056,0.72717965,0.48478642,0.49372068
0.0,0.22385906,1.444252,0.0051121030494467225,0.13352012327355312,0.024777585814450442,0.009441276666110275,-1.875541e-05,14.045052,3.7476728,0.7265524,0.4843683,0.49331015
0.0,0.22446309,1.448149,0.005193190667750874,0.13497015010932034,0.02510262632411764,0.009523054320865016,-1.877972e-05,13.94578,3.7344048,0.72593373,0.48395583,0.49290514
0.0,0.22506712,1.4520459,0.005275157051518177,0.1364286114876531,0.025430438136040068,0.009604966981485538,-1.8774557e-05,13.847708,3.7212508,0.7253233,0.48354888,0.4925056
0.0,0.22567114,1.4559429,0.005358005491857676,0.13789550512935575,0.025761030674194885,0.009687014198621856,-1.8740533e-05,13.750815,3.7082093,0.7247211,0.48314738,0.4921114
0.0,0.22627518,1.4598398,0.005441743606243061,0.13937091028428286,0.0260944336211133,0.009769202802384119,-1.8677596e-05,13.6550865,3.695279,0.72412705,0.4827514,0.49172264
0.0,0.2268792,1.4637368,0.005526374455889457,0.1408547879198167,0.026430646351762732,0.009851522984094363,-1.8575965e-05,13.560503,3.6824589,0.7235411,0.48236075,0.49133912
0.0,0.22748323,1.4676337,0.0056119050567906325,0.14234717716076462,0.026769690278934503,0.009933975108562604,-1.844611e-05,13.467048,3.6697476,0.7229633,0.4819755,0.49096093
0.0,0.22808725,1.4715306,0.005698339028754757,0.14384808615727493,0.027111574845357204,0.010016557759092933,-1.8280352e-05,13.374701,3.6571438,0.7223933,0.4815955,0.49058786
0.0,0.22869128,1.4754276,0.0057856832613518505,0.1453575681727071,0.027456325045494,0.010099275261438449,-1.8075585e-05,13.283449,3.6446466,0.7218312,0.4812208,0.49022007
0.0,0.2292953,1.4793245,0.005873939064077893,0.1468755616815225,0.027803936687747718,0.01018211949551404,-1.7837794e-05,13.193276,3.632255,0.72127706,0.48085138,0.4898574
0.0,0.22989933,1.4832215,0.005963118294388642,0.14840216378728877,0.028154440016874727,0.010265085133708801,-1.7561546e-05,13.104158,3.6199667,0.72073054,0.48048702,0.48949975
0.0,0.23050337,1.4871185,0.0060532217939582135,0.14993740606364792,0.02850785490267715,0.01034818952080251,-1.7244127e-05,13.016088,3.6077814,0.7201917,0.4801278,0.4891472
0.0,0.23110738,1.4910153,0.006144251675049437,0.1514811693401289,0.02886416509132595,0.010431410066177638,-1.6885575e-05,12.92905,3.5956988,0.7196607,0.4797738,0.4887997
0.0,0.23171142,1.4949124,0.006236219860291365,0.15303361762330295,0.029223416594654765,0.01051475701378067,-1.6489583e-05,12.843023,3.5837164,0.71913713,0.47942474,0.48845708
0.0,0.23231544,1.4988092,0.006329125749605698,0.1545946738112718,0.029585603301002236,0.01059822605218514,-1.6049595e-05,12.7579975,3.5718338,0.71862113,0.47908074,0.48811945
0.0,0.23291947,1.5027063,0.0064229795706775405,0.15616446449597862,0.02995076465068979,0.010681825938657172,-1.5567037e-05,12.673953,3.5600495,0.7181125,0.47874168,0.48778668
0.0,0.23352349,1.5066031,0.006517781940253365,0.15774288812150797,0.030318887508132168,0.010765541687372072,-1.5039311e-05,12.590882,3.5483632,0.7176113,0.47840756,0.48745877
0.0,0.23412752,1.5105001,0.006613544149547908,0.15933009044547053,0.030690015029193773,0.01084938258055005,-1.4466973e-05,12.5087595,3.5367725,0.71711737,0.47807822,0.48713553
0.0,0.23473155,1.5143971,0.006710265665532368,0.16092599303760702,0.031064142917697875,0.010933345921100773,-1.3848818e-05,12.427583,3.5252776,0.71663076,0.47775385,0.48681718
0.0,0.23533557,1.518294,0.006807952006096901,0.16253063286543057,0.03144128769939014,0.011017431681099438,-1.3186103e-05,12.347334,3.5138774,0.71615136,0.47743425,0.48650354
0.0,0.2359396,1.522191,0.00690661343434967,0.16414409127801438,0.03182147895712828,0.01110163865407927,-1.2470366e-05,12.267996,3.50257,0.71567905,0.47711936,0.48619452
0.0,0.23654363,1.5260879,0.00700624899201782,0.1657663198462139,0.03220471730564522,0.01118597032959176,-1.170815e-05,12.18956,3.491355,0.71521384,0.47680923,0.48589018
0.0,0.23714766,1.5299848,0.007106869834462427,0.1673974034604626,0.03259103252946761,0.011270423026080327,-1.08964605e-05,12.11201,3.4802313,0.71475565,0.47650376,0.48559043
0.0,0.23775168,1.5338818,0.007208474930306751,0.1690372488114063,0.03298041455695899,0.011354989766038739,-1.0034056e-05,12.035338,3.4691985,0.7143045,0.476203,0.48529533
0.0,0.23835571,1.5377787,0.007311077836478662,0.1706860996119771,0.03337292881184384,0.011439695302407852,-9.121658e-06,11.959522,3.4582543,0.7138601,0.47590673,0.4850046
0.0,0.23895973,1.5416757,0.007414674571386929,0.17234371615541233,0.03376853325168839,0.011524509537527601,-8.153714e-06,11.884562,3.4473991,0.7134227,0.47561514,0.4847185
0.0,0.23956376,1.5455726,0.007519279011443877,0.17401035809414667,0.034167297199212854,0.011609460164881222,-7.1327195e-06,11.810433,3.4366312,0.712992,0.47532803,0.48443678
0.0,0.2401678,1.5494696,0.007624892888030486,0.17568592695499777,0.03456920908445049,0.011694530420359034,-6.057408e-06,11.73713,3.4259496,0.71256804,0.4750454,0.48415944
0.0,0.24077182,1.5533665,0.00773151865282788,0.17737044664570434,0.03497428574548378,0.011779729787000141,-4.9283144e-06,11.664642,3.415354,0.7121508,0.47476724,0.4838865
0.0,0.24137585,1.5572635,0.007839166821460405,0.17906396861670215,0.03538255056619999,0.011865050101818774,-3.744531e-06,11.592954,3.4048426,0.71174026,0.47449347,0.4836179
0.0,0.24197987,1.5611604,0.007947839963698397,0.18076650427427385,0.03579401473840038,0.01195049484730519,-2.5035097e-06,11.522055,3.3944151,0.711336,0.47422403,0.48335359
0.0,0.2425839,1.5650574,0.008057543993962678,0.18247807086697637,0.03620869822734907,0.012036066245461031,-1.2046844e-06,11.451935,3.3840706,0.7109386,0.47395903,0.48309356
0.0,0.24318792,1.5689543,0.008168283599792735,0.18419876313137834,0.03662663033622171,0.012121779536843506,1.5233036e-07,11.382584,3.3738084,0.7105474,0.4736983,0.48283777
0.0,0.24379195,1.5728513,0.008280068312116378,0.18592853848536398,0.037047813153321396,0.012207608216972261,1.5662715e-06,11.313986,3.363627,0.71016264,0.47344175,0.4825861
0.0,0.24439597,1.5767481,0.008392897340131603,0.1876674244450404,0.03747226513814894,0.012293573117754131,3.0432022e-06,11.246137,3.353526,0.7097842,0.4731895,0.48233864
0.0,0.245,1.5806452,0.0085067813786867,0.18941550221425663,0.037900017567009676,0.012379673430949575,4.5785696e-06,11.179022,3.3435044,0.70941216,0.47294146,0.48209527
1.0,0.155,1.0,0.00044626837204169616,0.021624146582764535,0.0029775248426535117,0.0016387197265284232,0.00046484172,38.673557,6.2188067,0.8394607,0.55964047,0.5673973
1.0,0.15560403,1.003897,0.00045976533840059915,0.022121596558894917,0.003057185180561972,0.0016778891653601747,0.00048032714,38.262962,6.185706,0.8382465,0.55883104,0.56659895
1.0,0.15620805,1.0077939,0.0004735747584106924,0.022628147958631783,0.00313858929498953,0.0017178650197574527,0.00049590983,37.858143,6.152897,0.83703697,0.55802464,0.56580365
1.0,0.15681209,1.0116909,0.0004877024245428373,0.023144724170231418,0.0032218925145504895,0.0017587852409219776,0.0005115833,37.458935,6.1203704,0.8358317,0.5572212,0.5650112
1.0,0.1574161,1.0155878,0.0005021549728714254,0.023672213803975314,0.003307245517406354,0.0018007805987920779,0.0005273462,37.06515,6.0881157,0.83462936,0.55641955,0.56422067
1.0,0.15802014,1.0194848,0.0005169392306824589,0.024211419424437167,0.003394788727661524,0.0018439710356141473,0.0005431972,36.676605,6.0561213,0.833429,0.55561936,0.5634315
1.0,0.15862416,1.0233817,0.000532062395776074,0.024763044291846472,0.0034846474038763287,0.0018884602165481065,0.00055913784,36.293095,6.024375,0.83222914,0.55481946,0.56264275
1.0,0.15922819,1.0272787,0.0005475324906945694,0.02532771136238215,0.0035769365686639794,0.0019343390965802713,0.0005751708,35.914425,5.9928646,0.8310287,0.5540191,0.5618536
1.0,0.15983221,1.0311755,0.0005633569521511023,0.025905893537879303,0.0036717479484549283,0.0019816770920016214,0.0005912995,35.5404,5.961577,0.82982606,0.55321735,0.561063
1.0,0.16043624,1.0350726,0.0005795453784422834,0.0264980177278745,0.0037691668475579587,0.0020305307122311087,0.00060752995,35.170795,5.930497,0.82861954,0.552413,0.5602699
1.0,0.16104028,1.0389695,0.0005961050716635421,0.027104303210349207,0.0038692470437731163,0.00208093182878249,0.0006238665,34.80546,5.8996153,0.82740813,0.55160546,0.5594737
1.0,0.1616443,1.0428665,0.000613045290989647,0.027724951190970133,0.003972038178000126,0.0021329023050311847,0.0006403151,34.44421,5.868919,0.8261903,0.5507935,0.5586732
1.0,0.16224833,1.0467634,0.000630374746063084,0.02835998091761273,0.004077562663503703,0.0021864384253144514,0.0006568814,34.086895,5.8383985,0.82496506,0.5499767,0.55786794
1.0,0.16285235,1.0506603,0.0006481018383850554,0.02900937151221933,0.004185834804141474,0.002241529288986308,0.00067356974,33.73338,5.8080444,0.82373124,0.54915416,0.557057
1.0,0.16345638,1.0545573,0.0006662362112655814,0.029673007204166824,0.004296854075300339,0.0022981454415035947,0.00069038564,33.38351,5.7778463,0.82248783,0.54832524,0.55623984
1.0,0.1640604,1.0584542,0.000684785262937805,0.030350662555184107,0.004410601825020455,0.0023562460362070397,0.0007073327,33.03722,5.7478013,0.8212344,0.5474896,0.55541617
1.0,0.16466443,1.0623512,0.0007037589427283038,0.031042112723674332,0.004527058427542641,0.0024157815993577293,0.0007244157,32.694386,5.7179003,0.8199701,0.54664665,0.5545853
1.0,0.16526845,1.066248,0.0007231637812310533,0.03174699389879901,0.004646181570113316,0.002476690226420156,0.00074163487,32.35496,5.6881423,0.8186948,0.5457965,0.5537473
1.0,0.16587248,1.070145,0.0007430091852087366,0.03246497454726501,0.0047679331897717,0.0025389056341454906,0.000758995,32.01888,5.6585226,0.81740826,0.5449388,0.552902
1.0,0.16647652,1.0740421,0.0007633031074597113,0.03319568151713143,0.004892266516784982,0.002602357194405848,0.00077649485,31.686071,5.6290383,0.8161102,0.54407346,0.55204904
1.0,0.16708054,1.0779389,0.0007840519519137614,0.033938646346912404,0.005019120043247449,0.002666964187506165,0.00079413655,31.356544,5.5996914,0.814801,0.5432007,0.55118895
1.0,0.16768457,1.081836,0.0008052647097080292,0.034693490876419694,0.005148445015620645,0.0027326508864965577,0.000811921,31.030241,5.5704794,0.81348073,0.5423205,0.5503215
1.0,0.16828859,1.0857328,0.0008269465584006476,0.03545970559686623,0.005280170870468837,0.0027993311952668938,0.0008298461,30.707191,5.541407,0.8121501,0.54143345,0.54944736
1.0,0.16889262,1.0896298,0.0008491064678690951,0.03623692082216476,0.005414248271789823,0.002866928868182538,0.0008479125,30.387352,5.5124726,0.81080925,0.5405395,0.5485665
1.0,0.16949664,1.0935267,0.0008717494310456884,0.037024629208516485,0.005550604938839243,0.002935356645702178,0.00086611806,30.070751,5.4836802,0.809459,0.5396393,0.5476795
1.0,0.17010067,1.0974237,0.0008948825160060115,0.037822432447503954,0.005689186360925302,0.0030045388129072677,0.00088446226,29.757397,5.4550343,0.8081,0.5387333,0.54678684
1.0,0.17070471,1.1013207,0.0009185118366184681,0.03862989417193542,0.005829929643504428,0.0030743941336490235,0.00090294343,29.447292,5.426536,0.80673295,0.53782195,0.5458889
1.0,0.17130873,1.1052176,0.0009426420629070896,0.03944657687521135,0.005972771718395609,0.00314484552967434,0.0009215581,29.140482,5.3981924,0.8053589,0.53690594,0.5449864
1.0,0.17191276,1.1091145,0.0009672801046892748,0.04027212535822794,0.0061176628635053465,0.003215822549437522,0.0009403069,28.836967,5.370006,0.8039786,0.53598577,0.54407996
1.0,0.17251678,1.1130115,0.0009924306680800408,0.041106150955100465,0.006264545776844543,0.003287253772604421,0.0009591863,28.53677,5.341982,0.80259293,0.53506196,0.5431699
1.0,0.17312081,1.1169084,0.0010180990398899945,0.04194831103340694,0.006413372545100936,0.003359075425430953,0.0009781951,28.239922,5.3141246,0.8012031,0.5341354,0.5422572
1.0,0.17372483,1.1208054,0.0010442897594027394,0.04279826425223622,0.0065640925703114306,0.0034312232921032125,0.0009973309,27.946434,5.2864385,0.7998097,0.5332065,0.54134226
1.0,0.17432886,1.1247023,0.0010710080988628765,0.0436557347231668,0.006716668015094962,0.0035036437185063324,0.001016593,27.656342,5.2589297,0.79841423,0.53227615,0.5404259
1.0,0.17493288,1.1285993,0.0010982577055816168,0.04452040196460984,0.006871051226412517,0.003576278109667666,0.0010359784,27.36966,5.231602,0.7970173,0.5313449,0.5395087
1.0,0.17553692,1.1324962,0.0011260440325557685,0.045392072905916375,0.007027217491817839,0.0036490853941505332,0.0010554877,27.086403,5.2044597,0.7956201,0.5304134,0.53859127
1.0,0.17614095,1.1363932,0.001154370591308906,0.046270485308895395,0.007185128902407188,0.00372201712848047,0.001075118,26.806591,5.1775084,0.7942235,0.5294823,0.5376744
1.0,0.17674497,1.1402901,0.0011832413248890551,0.047155439048031295,0.007344757526519197,0.0037950335518520313,0.0010948674,26.530233,5.1507506,0.7928284,0.52855223,0.53675854
1.0,0.177349,1.1441871,0.0012126608444907594,0.0480467845043632,0.007506085973118304,0.0038681034396460257,0.0011147375,26.257338,5.1241913,0.7914358,0.5276239,0.5358444
1.0,0.17795302,1.148084,0.0012426321121550195,0.048944342640197036,0.00766908952527673,0.003941193188811671,0.0011347268,25.987917,5.0978346,0.79004663,0.52669775,0.5349325
1.0,0.17855705,1.151981,0.0012731603882329278,0.049848027016362866,0.007833760147851088,0.004014278983152304,0.0011548338,25.721968,5.071683,0.7886616,0.5257744,0.5340234
1.0,0.17916107,1.1558778,0.001304247835598777,0.05075769515994052,0.008000079897840351,0.0040873363910440205,0.0011750581,25.459496,5.04574,0.7872817,0.5248544,0.53311765
1.0,0.1797651,1.1597749,0.001335899180222649,0.051673298560283853,0.008168048325829513,0.004160350785161566,0.0011954019,25.20049,5.020009,0.78590757,0.5239384,0.53221583
1.0,0.18036912,1.1636717,0.0013681167150630912,0.05259473287140244,0.008337653284894275,0.004233303139705002,0.0012158628,24.944958,4.9944925,0.7845402,0.52302676,0.5313184
1.0,0.18097316,1.1675688,0.0014009064001859325,0.05352203087192228,0.008508907259745624,0.004306188059187826,0.0012364417,24.69286,4.969191,0.78317976,0.5221199,0.53042567
1.0,0.18157719,1.1714658,0.001434270005683278,0.054455107110745846,0.008681803314688152,0.004378993297638319,0.00125714,24.44421,4.9441085,0.78182745,0.5212183,0.5295382
1.0,0.18218121,1.1753626,0.0014682107691264415,0.05539394026768335,0.00885634358042453,0.004451711273045206,0.0012779547,24.198982,4.919246,0.78048354,0.5203224,0.5286564
1.0,0.18278524,1.1792597,0.0015027338310380264,0.056338606918210285,0.00903255026277383,0.004524348769659752,0.0012988913,23.957157,4.8946047,0.7791487,0.5194325,0.5277806
1.0,0.18338926,1.1831565,0.0015378406582009236,0.05728904321408669,0.009210418567760226,0.004596896593157455,0.0013199459,23.718716,4.8701863,0.77782357,0.5185491,0.52691114
1.0,0.1839933,1.1870536,0.001573538048517651,0.05824537568430346,0.009389978057564363,0.00466936391201141,0.0013411224,23.483612,4.845989,0.77650815,0.5176721,0.5260482
1.0,0.18459731,1.1909504,0.0016098257609112208,0.0592075536799526,0.009571228411675126,0.004741751128941463,0.0013624188,23.251852,4.822017,0.7752035,0.5168024,0.52519226
1.0,0.18520135,1.1948473,0.001646710898183376,0.06017570156057518,0.00975419878928907,0.004814066094738942,0.0013838382,23.023373,4.798268,0.77390957,0.5159397,0.52434343
1.0,0.18580537,1.1987443,0.0016841944341262293,0.061149827603432724,0.00993889914272361,0.004886315840344923,0.001405382,22.798168,4.7747426,0.7726269,0.51508456,0.52350205
1.0,0.1864094,1.2026412,0.0017222815972560512,0.06213003102995392,0.010125355234582634,0.00495851044281448,0.0014270477,22.57619,4.751441,0.7713558,0.5142372,0.5226683
1.0,0.18701343,1.2065383,0.0017609769076600671,0.06311639815791684,0.010313589909450027,0.0050306591864698255,0.00144884,22.357399,4.728361,0.7700963,0.5133975,0.5218422
1.0,0.18761745,1.2104352,0.0018002811899562932,0.06410894717924638,0.010503615504117492,0.0051027719342486115,0.0014707557,22.141777,4.705505,0.768849,0.51256603,0.52102417
1.0,0.18822148,1.2143321,0.001840201885467173,0.06510781877889188,0.010695465435685891,0.005174859779284373,0.0014928,21.92926,4.682869,0.7676138,0.51174253,0.5202141
1.0,0.1888255,1.218229,0.0018807394386730716,0.06611304115828975,0.010889153854369282,0.005246935538350067,0.0015149703,21.719835,4.6604543,0.7663912,0.5109275,0.5194123
1.0,0.18942954,1.222126,0.0019219011881189442,0.06712476172822002,0.011084715682192494,0.005319012117835661,0.0015372701,21.513437,4.638258,0.76518106,0.5101207,0.5186187
1.0,0.19003356,1.226023,0.00196368838418438,0.06814302053896529,0.011282167185870938,0.005391102033317798,0.001559699,21.31004,4.6162796,0.7639836,0.5093224,0.51783353
1.0,0.19063759,1.2299199,0.002006106776837056,0.06916793037862218,0.011481538562662763,0.0054632182321515945,0.0015822583,21.109598,4.594518,0.762799,0.5085327,0.51705676
1.0,0.19124162,1.2338169,0.0020491609780529806,0.07019959291308846,0.01168285587006146,0.005535372935902517,0.0016049478,20.912056,4.57297,0.7616271,0.5077514,0.5162884
1.0,0.19184564,1.2377138,0.002092851963287181,0.07123802379631645,0.011886132630928636,0.005607576741067093,0.0016277685,20.717398,4.5516367,0.76046836,0.50697887,0.5155287
1.0,0.19244967,1.2416108,0.002137187977834925,0.07228339705090514,0.012091409103257178,0.0056798451697524024,0.0016507219,20.52555,4.5305133,0.75932235,0.50621486,0.51477736
1.0,0.1930537,1.2455077,0.0021821701727740847,0.07333572639426589,0.012298697603947195,0.005752187085624941,0.001673809,20.336487,4.509599,0.7581893,0.50545955,0.5140346
1.0,0.19365773,1.2494047,0.002227804624736269,0.07439513712098723,0.012508031037346212,0.005824617163137405,0.0016970279,20.150162,4.488893,0.75706935,0.50471294,0.5133005
1.0,0.19426174,1.2533016,0.0022740947186243696,0.07546166951015865,0.012719425492476844,0.005897141336603734,0.0017203832,19.966526,4.468392,0.7559623,0.50397485,0.5125748
1.0,0.19486578,1.2571986,0.002321046009519303,0.07653544969835502,0.012932915044750248,0.005969777016192339,0.0017438726,19.78554,4.448094,0.7548682,0.5032455,0.5118576
1.0,0.1954698,1.2610954,0.002368661468136229,0.07761651212877865,0.013148514644789167,0.0060425302403804785,0.0017674969,19.607159,4.427997,0.7537869,0.5025246,0.5111489
1.0,0.19607383,1.2649925,0.0024169474444961847,0.07870497194818538,0.013366256740522608,0.0061154144070340545,0.0017912583,19.43134,4.408099,0.7527185,0.50181234,0.5104487
1.0,0.19667786,1.2688894,0.002465907663920688,0.07980085159141592,0.013586154225202485,0.00618843123344042,0.0018151554,19.258034,4.3883977,0.75166285,0.5011085,0.5097568
1.0,0.19728188,1.2727864,0.002515545179087001,0.08090424465198913,0.013808235361537522,0.00626159982427652,0.0018391901,19.087208,4.368891,0.75061977,0.50041324,0.5090733
1.0,0.19788592,1.2766833,0.002565867721609444,0.08201522829068612,0.014032523871215454,0.0063349207063871215,0.0018633618,18.918812,4.349576,0.7495893,0.49972624,0.50839806
1.0,0.19848993,1.2805802,0.0026168773319606487,0.08313380245766465,0.014259029176363793,0.006408397180481846,0.0018876701,18.752808,4.330451,0.7485714,0.4990476,0.50773096
1.0,0.19909397,1.2844772,0.0026685797372794184,0.0842601010384146,0.014487789556285158,0.006482050344446903,0.0019121196,18.589157,4.3115144,0.747566,0.49837735,0.5070722
1.0,0.19969799,1.2883741,0.002720978425609607,0.08539410154236801,0.014718807544903954,0.006555872268075134,0.0019367038,18.42782,4.2927637,0.746573,0.4977153,0.50642157
1.0,0.20030202,1.2922711,0.0027740820655081017,0.08653595981744491,0.014952123688303677,0.006629877491779372,0.0019614291,18.268736,4.2741942,0.7455919,0.49706125,0.50577873
1.0,0.20090604,1.296168,0.0028278897392112257,0.08768560896348893,0.015187736441989228,0.006704067224355551,0.001986291,18.111897,4.2558074,0.74462324,0.49641547,0.5051441
1.0,0.20151007,1.3000649,0.0028824117117900814,0.08884318275639871,0.015425680696203868,0.006778445560833624,0.0020112954,17.95724,4.2375984,0.74366635,0.49577758,0.50451726
1.0,0.20211409,1.3039619,0.0029376483918992394,0.09000866569640951,0.01566596364957762,0.006853018473879901,0.0020364362,17.80474,4.2195663,0.7427215,0.4951477,0.5038983
1.0,0.20271812,1.3078588,0.0029936075052084464,0.09118213396156323,0.01590861144234923,0.006927788926723891,0.002061719,17.654356,4.201709,0.74178857,0.4945257,0.50328714
1.0,0.20332214,1.3117558,0.0030502934563382995,0.09236363655906353,0.016153641113129114,0.007002760744114215,0.0020871416,17.506042,4.1840224,0.740867,0.49391136,0.50268346
1.0,0.20392618,1.3156527,0.003107711470780399,0.09355319980211771,0.016401070416461883,0.007077936004120686,0.0021127039,17.359772,4.166506,0.73995715,0.49330476,0.5020875
1.0,0.20453021,1.3195497,0.0031658662865621146,0.09475085081840409,0.016650913730871464,0.00715331487118512,0.0021384063,17.215502,4.1491566,0.7390586,0.49270576,0.501499
1.0,0.20513423,1.3234466,0.0032247602672377863,0.09595659027219197,0.016903182258787286,0.007228901457073927,0.0021642486,17.073212,4.131974,0.7381716,0.49211442,0.500918
1.0,0.20573826,1.3273436,0.003284402516545856,0.09717051532554333,0.017157905083619248,0.007304697533981681,0.002190233,16.93285,4.1149545,0.7372957,0.49153045,0.50034434
1.0,0.20634228,1.3312405,0.0033447949755101283,0.09839258094505918,0.017415082606973442,0.007380697680443058,0.0022163568,16.794392,4.098096,0.7364308,0.4909539,0.4997779
1.0,0.20694631,1.3351375,0.0034059449202011754,0.09962291238138617,0.01767475201157298,0.007456917250969454,0.0022426227,16.657803,4.081397,0.735577,0.49038467,0.49921876
1.0,0.20755033,1.3390344,0.0034678558623415564,0.10086145733381569,0.017936911045560278,0.007533343458535608,0.00226903,16.523045,4.0648546,0.73473394,0.4898226,0.49866664
1.0,0.20815437,1.3429314,0.0035305339567509994,0.10210826834559396,0.018201582071226796,0.007609980200973799,0.0022955763,16.390095,4.048468,0.7339016,0.48926777,0.49812168
1.0,0.20875838,1.3468282,0.0035939825181513676,0.10336333688138234,0.018468772964859825,0.007686825410405723,0.0023222652,16.258919,4.032235,0.73307997,0.48872,0.49758363
1.0,0.20936242,1.3507253,0.003658209163990502,0.10462672974548905,0.018738508440570237,0.007763880948598732,0.0023490966,16.129484,4.016153,0.73226887,0.48817924,0.49705252
1.0,0.20996645,1.3546222,0.0037232182856325284,0.10589847203564347,0.019010802881454403,0.007841148024556818,0.0023760693,16.001759,4.00022,0.731468,0.48764536,0.4965282
1.0,0.21057047,1.3585192,0.0037890124281849216,0.10717852051863655,0.01928565820078487,0.007918620916230103,0.0024031824,15.87572,3.9844346,0.73067755,0.4871184,0.49601063
1.0,0.2111745,1.3624161,0.003855600018054369,0.10846695294711622,0.019563101316649956,0.007996301262486849,0.0024304376,15.751334,3.968795,0.7298973,0.4865982,0.4954998
1.0,0.21177852,1.366313,0.0039229842730673006,0.10976375283111504,0.01984313825463513,0.008074185435433227,0.0024578378,15.6285715,3.9532988,0.72912693,0.48608464,0.49499547
1.0,0.21238256,1.37021,0.003991171300239765,0.11106897923332255,0.020125793225760802,0.008152279325041506,0.002485378,15.507411,3.9379451,0.72836673,0.48557782,0.49449778
1.0,0.21298657,1.3741069,0.004060164816752564,0.11238258824420605,0.020411065721563704,0.008230571271306011,0.0025130603,15.387823,3.9227316,0.7276163,0.48507753,0.49400654
1.0,0.2135906,1.378004,0.004129973321298183,0.11370468719752233,0.020698988688525155,0.008309068724630607,0.0025408836,15.269774,3.907656,0.72687554,0.4845837,0.49352166
1.0,0.21419464,1.3819009,0.004200599115432365,0.115035179419341,0.020989554186399254,0.008387756840102158,0.0025688524,15.153248,3.8927174,0.7261445,0.48409635,0.49304312
1.0,0.21479866,1.3857977,0.004272047007756696,0.11637415142848373,0.02128278865114064,0.008466647627870551,0.002596962,15.038215,3.8779137,0.725423,0.4836153,0.49257082
1.0,0.2154027,1.3896948,0.004344323948119089,0.11772160611807689,0.021578704977909702,0.008545733133552435,0.0026252132,14.924651,3.8632436,0.72471094,0.48314065,0.4921048
1.0,0.21600671,1.3935916,0.0044174338131069925,0.11907755242745137,0.021877313627860717,0.00862501218853974,0.0026536072,14.8125305,3.848705,0.7240082,0.48267213,0.49164483
1.0,0.21661074,1.3974887,0.004491383893616696,0.12044202439287352,0.022178634704787537,0.008704483023937448,0.0026821478,14.70183,3.8342965,0.7233147,0.4822098,0.49119094
1.0,0.21721476,1.4013855,0.00456617504698836,0.12181497230959051,0.022482667386976907,0.008784142246011827,0.002710829,14.592532,3.8200173,0.7226305,0.48175368,0.49074316
1.0,0.2178188,1.4052825,0.004641818903923849,0.12319650215562372,0.022789442853490716,0.008863986141719168,0.002739653,14.484602,3.805864,0.7219552,0.48130345,0.4903012
1.0,0.21842282,1.4091794,0.004718315026741038,0.12458655083597053,0.023098960242806,0.008944015162582884,0.0027686215,14.378027,3.791837,0.72128886,0.48085928,0.48986515
1.0,0.21902685,1.4130764,0.004795672304969043,0.1259851965518062,0.023411247039077376,0.009024230124170248,0.0027977335,14.272779,3.7779331,0.7206315,0.480421,0.48943496
1.0,0.21963088,1.4169735,0.004873894938037997,0.12739239599425858,0.023726303273829515,0.009104618459715524,0.0028269882,14.16884,3.764152,0.7199829,0.47998857,0.4890105
1.0,0.2202349,1.4208703,0.004952986357321461,0.1288081992890394,0.024044150776224796,0.009185191704260413,0.0028563873,14.066191,3.750492,0.71934295,0.47956195,0.48859176
1.0,0.22083893,1.4247673,0.005032954309218353,0.13023261943704542,0.02436480425419396,0.009265941326538902,0.00288593,13.964806,3.7369514,0.7187117,0.47914112,0.48817873
1.0,0.22144295,1.4286642,0.005113801819697597,0.13166563168260842,0.024688266954137283,0.009346861495044491,0.0029156154,13.86467,3.723529,0.7180889,0.47872594,0.48777124
1.0,0.22204699,1.4325612,0.005195537215810204,0.13310731845894555,0.025014569372992627,0.009427957725562014,0.0029454473,13.7657585,3.7102234,0.71747464,0.47831643,0.4873693
1.0,0.222651,1.4364581,0.0052781622446668435,0.13455761200225524,0.025343705925539695,0.009509219191539166,0.0029754217,13.668055,3.6970332,0.7168687,0.47791246,0.48697287
1.0,0.22325504,1.4403551,0.005361685595229573,0.13601660359409334,0.025675708701506927,0.009590651915818208,0.0030055414,13.571539,3.6839569,0.7162711,0.47751406,0.4865819
1.0,0.22385906,1.444252,0.005446110492102216,0.1374842544786946,0.026010577530069523,0.009672246053762875,0.0030358052,13.476191,3.670993,0.71568155,0.47712106,0.4861962
1.0,0.22446309,1.448149,0.005531443810057891,0.13896064755936974,0.02634834466874658,0.00975401323857291,0.003066215,13.381992,3.6581407,0.7151003,0.4767335,0.48581588
1.0,0.22506712,1.4520459,0.005617689793268014,0.14044572464139754,0.026689006066710985,0.009835936686906945,0.0030967675,13.28893,3.6453984,0.714527,0.47635135,0.4854409
1.0,0.22567114,1.4559429,0.005704852689888471,0.14193952447359678,0.027032580831046538,0.009918022761381123,0.0031274662,13.19698,3.6327648,0.7139617,0.47597444,0.48507106
1.0,0.22627518,1.4598398,0.005792939745180032,0.14344207170938203,0.02737908736739314,0.010000268131853046,0.0031583097,13.106132,3.6202393,0.7134044,0.47560292,0.4847065
1.0,0.2268792,1.4637368,0.005881955267499191,0.14495338459514343,0.027728537221931693,0.01008267141943412,0.003189298,13.01636,3.6078193,0.7128548,0.4752365,0.484347
1.0,0.22748323,1.4676337,0.005971905576584774,0.146473446222423,0.028080941050351527,0.010165224320597202,0.003220432,12.927658,3.5955052,0.71231306,0.47487536,0.48399264
1.0,0.22808725,1.4715306,0.0060627949631742,0.14800234181276867,0.028436325510602597,0.010247940621079997,0.0032517114,12.839999,3.5832944,0.7117789,0.47451925,0.4836432
1.0,0.22869128,1.4754276,0.00615463102073688,0.1495400523939188,0.02879469999767493,0.010330806935464287,0.0032831382,12.753372,3.5711863,0.7112524,0.47416824,0.48329884
1.0,0.2292953,1.4793245,0.006247414721159358,0.15108655926324008,0.029156070092422718,0.010413825928944645,0.0033147086,12.667766,3.5591805,0.7107335,0.4738223,0.48295942
1.0,0.22989933,1.4832215,0.006341157285306319,0.15264194104355436,0.029520463301458078,0.01049699144553912,0.0033464227,12.583155,3.5472744,0.71022195,0.4734813,0.4826249
1.0,0.23050337,1.4871185,0.006435860991628732,0.15420621272353374,0.02988789680886228,0.010580313833976084,0.0033782881,12.499532,3.5354676,0.70971787,0.47314525,0.48229522
1.0,0.23110738,1.4910153,0.006531529625502317,0.1557793289210659,0.03025836785911684,0.010663778982609892,0.003410295,12.416879,3.5237591,0.7092211,0.47281408,0.4819703
1.0,0.23171142,1.4949124,0.006628172100039427,0.15736139507099722,0.030631915584324428,0.010747399284206146,0.0034424535,12.335184,3.5121481,0.7087317,0.47248778,0.48165023
1.0,0.23231544,1.4988092,0.006725789896579895,0.15895232779009982,0.03100852794795949,0.010831158258219807,0.003474752,12.254431,3.500633,0.70824945,0.4721663,0.48133487
1.0,0.23291947,1.5027063,0.006824394036769563,0.16055227114153375,0.03138825099967435,0.010915068889365661,0.0035072002,12.1746025,3.4892123,0.70777434,0.47184953,0.48102415
1.0,0.23352349,1.5066031,0.006923983349666888,0.16216113039462798,0.03177107419133308,0.010999124142332412,0.0035397927,12.095692,3.4778862,0.7073063,0.47153756,0.4807181
1.0,0.23412752,1.5105001,0.007024571896915839,0.16377903254186113,0.03215703567230577,0.011083319981558253,0.0035725343,12.017675,3.466652,0.70684516,0.47123012,0.48041654
1.0,0.23473155,1.5143971,0.007126158152333751,0.16540592417454375,0.03254613790241834,0.011167663445417083,0.0036054219,11.940549,3.45551,0.7063911,0.47092742,0.48011965
1.0,0.23533557,1.518294,0.007228747646418137,0.16704182690518432,0.032938394296306406,0.011252151357051994,0.0036384545,11.864298,3.444459,0.70594394,0.47062927,0.47982723
1.0,0.2359396,1.522191,0.00733235077467969,0.16868682180364547,0.033333836323979904,0.011336783999940835,0.0036716373,11.788905,3.4334974,0.7055035,0.4703357,0.47953925
1.0,0.23654363,1.5260879,0.007436967583058418,0.17034081959713204,0.03373245336416897,0.011421550614993715,0.003704965,11.714363,3.422625,0.70506996,0.4700466,0.47925574
1.0,0.23714766,1.5299848,0.007542610028963288,0.17200399709753086,0.034134297512610434,0.01150646742572057,0.0037384399,11.640653,3.41184,0.70464295,0.46976197,0.47897655
1.0,0.23775168,1.5338818,0.007649275512341884,0.17367619436485776,0.03453934505092194,0.011591518513896289,0.0037720618,11.567772,3.4011428,0.7042228,0.46948183,0.47870183
1.0,0.23835571,1.5377787,0.007756976357508521,0.17535760440422724,0.03494765173636227,0.011676722663836712,0.003805831,11.495703,3.3905313,0.7038092,0.46920612,0.4784314
1.0,0.23895973,1.5416757,0.007865717232521689,0.177048172394683,0.035359211119433624,0.01176205942186856,0.003839747,11.424426,3.380004,0.70340186,0.46893457,0.47816512
1.0,0.23956376,1.5455726,0.007975501350572269,0.1787479187036622,0.03577404764381331,0.011847543592096506,0.0038738118,11.353945,3.3695614,0.70300126,0.46866754,0.47790322
1.0,0.2401678,1.5494696,0.008086338184883652,0.18045691084040216,0.03619218201061791,0.011933167455966957,0.003908024,11.284235,3.3592014,0.7026069,0.46840462,0.4776454
1.0,0.24077182,1.5533665,0.00819822582097446,0.18217507947486264,0.036613613364940845,0.012018935902017462,0.0039423825,11.215297,3.3489246,0.70221907,0.4681461,0.47739187
1.0,0.24137585,1.5572635,0.008311178693088946,0.183902536181718,0.03703837629441353,0.012104840215146694,0.003976886,11.14711,3.338729,0.7018375,0.46789166,0.47714236
1.0,0.24197987,1.5611604,0.00842519625272573,0.1856392641298631,0.03746648097871663,0.012190892220539443,0.0040115435,11.079669,3.3286138,0.7014621,0.4676414,0.47689697
1.0,0.2425839,1.5650574,0.008540289309816554,0.1873853595237051,0.03789795945847496,0.0122770915290253,0.0040463414,11.012959,3.3185778,0.7010929,0.46739528,0.47665563
1.0,0.24318792,1.5689543,0.008656456956406499,0.18914071478884428,0.03833280051616672,0.012363429646947224,0.0040812907,10.946976,3.3086214,0.70072997,0.46715328,0.47641835
1.0,0.24379195,1.5728513,0.008773713051772535,0.19090548311258396,0.03877104933020914,0.012449910174891533,0.004116386,10.881701,3.2987423,0.70037293,0.4669153,0.476185
1.0,0.24439597,1.5767481,0.008892055803330653,0.1926795831709435,0.03921269897909951,0.01253653156910755,0.004151627,10.817131,3.2889407,0.700022,0.46668136,0.4759556
1.0,0.245,1.5806452,0.009011497442665722,0.1944631462526615,0.039657794700310944,0.01262330237231378,0.004187022,10.753253,3.2792153,0.69967705,0.46645138,0.4757301
2.0,0.155,1.0,0.0005713605497280228,0.026415938476090216,0.0038967937280834364,0.002182712078899368,0.0012054315,34.340687,5.8600926,0.8041398,0.5360932,0.54418576
2.0,0.15560403,1.003897,0.0005889500199742485,0.02694258947396292,0.003988118698623866,0.0022212686387011204,0.0012361283,33.937653,5.825603,0.8025223,0.53501487,0.54312354
2.0,0.15620805,1.0077939,0.0006068972152002808,0.027479508737150986,0.004081451537010727,0.002260759891409885,0.0012669903,33.542984,5.7916307,0.8009393,0.53395957,0.542084
2.0,0.15681209,1.0116909,0.0006252103814993903,0.028028164715201257,0.004177040728842618,0.0023014095843444473,0.001298038,33.15627,5.758148,0.7993882,0.5329254,0.5410654
2.0,0.1574161,1.0155878,0.0006438956528108506,0.02858975261597261,0.004275093091348214,0.0023434061329156626,0.0013292835,32.777164,5.7251344,0.79786646,0.531911,0.54006624
2.0,0.15802014,1.0194848,0.0006629626812541474,0.02916537259084486,0.004375803003981771,0.0023869149602193285,0.0013607426,32.40527,5.6925626,0.79637134,0.53091425,0.53908455
2.0,0.15862416,1.0233817,0.0006824199942839362,0.02975582988609168,0.00447931944687649,0.002432059464024681,0.0013924298,32.040207,5.660407,0.7948997,0.52993315,0.53811836
2.0,0.15922819,1.0272787,0.0007022769985266721,0.03036175247619743,0.004585764319801816,0.0024789333242217996,0.0014243533,31.681639,5.6286445,0.7934492,0.5289661,0.5371661
2.0,0.15983221,1.0311755,0.0007225426905355891,0.030983530223461047,0.004695221414082074,0.0025275933424753066,0.0014565212,31.329222,5.5972514,0.7920169,0.5280113,0.53622586
2.0,0.16043624,1.0350726,0.0007432291584563821,0.03162146201818955,0.0048077605467928275,0.0025780730714236814,0.0014889439,30.982595,5.566201,0.7905998,0.5270666,0.5352956
2.0,0.16104028,1.0389695,0.0007643446863249303,0.03227554228008341,0.004923403189117215,0.0026303691301424238,0.0015216244,30.64151,5.535477,0.7891961,0.52613074,0.5343742
2.0,0.1616443,1.0428665,0.0007858994848785822,0.03294569496004066,0.005042156947904358,0.0026844584932686115,0.001554564,30.30567,5.505059,0.7878031,0.5252021,0.5334599
2.0,0.16224833,1.0467634,0.0008079041556755436,0.033631727099589816,0.0051640122809734346,0.002740299813946804,0.0015877666,29.97485,5.4749293,0.7864192,0.5242794,0.5325516
2.0,0.16285235,1.0506603,0.0008303672719536194,0.03433330217049711,0.005288933360464432,0.002797831544603574,0.0016212286,29.64883,5.445074,0.7850425,0.5233617,0.5316481
2.0,0.16345638,1.0545573,0.0008533006954413502,0.03505007539277019,0.005416883648967197,0.0028569815626431462,0.0016549549,29.327381,5.415476,0.7836712,0.52244747,0.5307481
2.0,0.1640604,1.0584542,0.0008767113146256763,0.03578152936426824,0.0055477965984551125,0.0029176626545780837,0.0016889388,29.010382,5.3861284,0.7823045,0.52153635,0.5298513
2.0,0.16466443,1.0623512,0.0009006106215583395,0.03652724136126324,0.00568161987350535,0.002979788008830332,0.0017231804,28.697628,5.3570166,0.7809409,0.52062726,0.5289565
2.0,0.16526845,1.066248,0.0009250044916368097,0.03728661435942658,0.005818272582553186,0.0030432591076427562,0.0017576739,28.389055,5.328138,0.7795802,0.51972014,0.52806365
2.0,0.16587248,1.070145,0.0009499038365191326,0.03805916520980498,0.005957690749998634,0.0031079792404412367,0.0017924199,28.084503,5.2994814,0.77822125,0.51881415,0.5271721
2.0,0.16647652,1.0740421,0.0009753159503108905,0.038844341473217324,0.006099797575763065,0.003173849724830394,0.0018274133,27.783888,5.2710423,0.7768637,0.51790917,0.5262814
2.0,0.16708054,1.0779389,0.0010012475488819228,0.03964157953837285,0.00624451341556409,0.003240770768918322,0.0018626484,27.487144,5.2428184,0.7755075,0.517005,0.52539176
2.0,0.16768457,1.081836,0.0010277080233662389,0.04045039696522716,0.006391772404047702,0.0033086483339489856,0.0018981263,27.194176,5.2148037,0.7741523,0.51610154,0.5245027
2.0,0.16828859,1.0857328,0.0010547022065686888,0.0412702337417472,0.006541493565909828,0.0033773869462037616,0.00193384,26.90496,5.1869993,0.7727984,0.51519895,0.5236145
2.0,0.16889262,1.0896298,0.0010822388131391547,0.04210066234622085,0.0066936186221653315,0.0034469021827478676,0.0019697906,26.619421,5.1594014,0.77144563,0.5142971,0.52272725
2.0,0.16949664,1.0935267,0.001110323551321966,0.0429411983614311,0.006848076718765694,0.0035171060647997965,0.0020059731,26.33752,5.1320095,0.7700943,0.5133962,0.5218409
2.0,0.17010067,1.0974237,0.0011389627757581356,0.04379140347107123,0.0070048071079623075,0.003587918780687901,0.0020423864,26.059237,5.104825,0.7687449,0.5124966,0.52095586
2.0,0.17070471,1.1013207,0.0011681630828759798,0.04465091679525778,0.0071637587744914355,0.003659269525863496,0.0020790293,25.784515,5.0778456,0.76739746,0.5115983,0.52007216
2.0,0.17130873,1.1052176,0.0011979282666416005,0.045519290148501104,0.007324867684670112,0.00373108288474531,0.0021159002,25.513363,5.0510755,0.7660528,0.5107019,0.5191904
2.0,0.17191276,1.1091145,0.0012282665343817762,0.04639626686642677,0.007488100186630265,0.0038033005834849365,0.0021530003,25.245722,5.0245123,0.7647111,0.50980735,0.51831055
2.0,0.17251678,1.1130115,0.0012591810706002286,0.04728147386075383,0.0076534026028897695,0.0038758593910890836,0.0021903266,24.981586,4.9981585,0.7633729,0.50891525,0.51743305
2.0,0.17312081,1.1169084,0.001290678776433892,0.04817468377102414,0.007820747426078134,0.003948711096776458,0.002227883,24.720932,4.972015,0.7620387,0.5080258,0.5165583
2.0,0.17372483,1.1208054,0.0013227635410066592,0.04907560949448307,0.007990094027843009,0.004021803404823031,0.0022656682,24.46373,4.946082,0.76070905,0.5071394,0.5156865
2.0,0.17432886,1.1247023,0.001355440611704169,0.049984043679648135,0.008161417899497536,0.00409509606438503,0.0023036832,24.209976,4.9203634,0.7593847,0.50625646,0.5148183
2.0,0.17493288,1.1285993,0.0013887145148407554,0.05089978110416172,0.008334691501047375,0.004168547956525109,0.0023419284,23.95964,4.8948584,0.7580659,0.50537723,0.5139537
2.0,0.17553692,1.1324962,0.001422590735331707,0.051822667748185725,0.00850990030841925,0.004242128102424128,0.0023804104,23.712696,4.8695683,0.7567532,0.5045021,0.51309323
2.0,0.17614095,1.1363932,0.0014570720894986032,0.052752528893289984,0.008687022242012843,0.004315805973517033,0.0024191246,23.469141,4.844496,0.7554475,0.50363165,0.51223737
2.0,0.17674497,1.1402901,0.0014921641430551717,0.053689242782695705,0.008866044965061937,0.0043895525358964215,0.0024580774,23.228933,4.81964,0.7541488,0.5027659,0.5113861
2.0,0.177349,1.1441871,0.0015278717200949263,0.05463275202734057,0.00904697009878952,0.004463354938504741,0.0024972733,22.992052,4.795003,0.7528578,0.50190526,0.51054
2.0,0.17795302,1.148084,0.0015641986292645282,0.05558293300004025,0.00922978340737307,0.004537187519579485,0.0025367124,22.75847,4.770584,0.7515749,0.50104994,0.50969917
2.0,0.17855705,1.151981,0.0016011499644214742,0.05653975953679745,0.009414491418409332,0.00461104152514491,0.0025763994,22.528164,4.746384,0.7503005,0.50020033,0.50886405
2.0,0.17916107,1.1558778,0.001638727969639574,0.0575031104865889,0.009601081077619256,0.004684897168700534,0.0026163333,22.30111,4.722405,0.74903524,0.4993568,0.5080349
2.0,0.1797651,1.1597749,0.0016769392562529073,0.05847303888216968,0.009789572787394007,0.004758755018635286,0.0026565224,22.077267,4.698645,0.74777925,0.49851948,0.5072119
2.0,0.18036912,1.1636717,0.0017157858149456908,0.05944945951606348,0.00997996007736035,0.004832602632523278,0.0026969665,21.85662,4.6751065,0.7465331,0.4976887,0.5063954
2.0,0.18097316,1.1675688,0.0017552747490802492,0.06043242798591678,0.010172262745347382,0.004906438498106635,0.0027376718,21.63911,4.651786,0.7452968,0.4968645,0.5055854
2.0,0.18157719,1.1714658,0.0017954082254890518,0.06142191521480719,0.010366485794028326,0.004980261117561171,0.0027786398,21.42473,4.6286855,0.7440709,0.4960473,0.50478226
2.0,0.18218121,1.1753626,0.001836190923012079,0.06241793591662027,0.010562640261386536,0.005054067492350298,0.002819874,21.213427,4.6058035,0.7428555,0.49523702,0.50398606
2.0,0.18278524,1.1792597,0.0018776273432012092,0.06342052741636056,0.010760744131959822,0.005127862102356195,0.0028613769,21.005178,4.583141,0.7416511,0.4944341,0.50319713
2.0,0.18338926,1.1831565,0.0019197205467835089,0.06442968893002142,0.010960806910405685,0.005201645270055158,0.0029031537,20.799946,4.5606956,0.7404579,0.4936386,0.5024155
2.0,0.1839933,1.1870536,0.0019624775776821467,0.06544550510853828,0.011162852801194334,0.005275420068147894,0.002945206,20.597681,4.538467,0.7392758,0.49285054,0.5016412
2.0,0.18459731,1.1909504,0.002005899184617044,0.06646798127056538,0.011366893324999738,0.005349195771148606,0.0029875347,20.39836,4.516454,0.73810536,0.49207026,0.50087464
2.0,0.18520135,1.1948473,0.0020499941193571876,0.0674972186159225,0.011572957163132447,0.005422974805060884,0.0030301493,20.201923,4.494655,0.7369463,0.49129754,0.5001155
2.0,0.18580537,1.1987443,0.0020947624645133063,0.06853320409423948,0.01178105066667362,0.005496763273133701,0.003073044,20.008354,4.4730697,0.73579913,0.4905328,0.49936423
2.0,0.1864094,1.2026412,0.0021402113957632867,0.06957603393799075,0.011991203393985852,0.005570569206695991,0.0031162275,19.8176,4.4516964,0.7346639,0.48977596,0.4986208
2.0,0.18701343,1.2065383,0.002186346015043884,0.07062578459267985,0.012203437799004013,0.005644399753872361,0.003159702,19.629612,4.430532,0.73354036,0.4890269,0.49788508
2.0,0.18761745,1.2104352,0.0022331667932963006,0.07168244075867222,0.012417761082038405,0.005718260702149503,0.0032034628,19.444378,4.409578,0.73242915,0.4882861,0.49715748
2.0,0.18822148,1.2143321,0.002280683136534731,0.07274615125089258,0.012634211487034475,0.005792162077430282,0.00324752,19.261824,4.388829,0.7313298,0.4875532,0.49643767
2.0,0.1888255,1.218229,0.0023288957607424626,0.073816910530512,0.01285279823216623,0.005866110949938842,0.0032918719,19.081936,4.3682876,0.73024267,0.48682848,0.49572593
2.0,0.18942954,1.222126,0.0023778127259597376,0.07489483763516705,0.013073553673986105,0.005940115496106892,0.003336523,18.904652,4.347948,0.72916764,0.48611176,0.49502212
2.0,0.19003356,1.226023,0.002427435863041715,0.07597994795149289,0.013296489328997296,0.006014181739872152,0.0033814702,18.729942,4.3278103,0.72810477,0.48540318,0.4943263
2.0,0.19063759,1.2299199,0.0024777720991418224,0.07707232823828182,0.013521633450380932,0.006088317152955465,0.0034267185,18.557762,4.3078723,0.72705406,0.4847027,0.4936385
2.0,0.19124162,1.2338169,0.002528825085767312,0.07817204347188123,0.013749008151276776,0.00616253289397484,0.0034722693,18.388073,4.2881317,0.7260155,0.48401034,0.49295866
2.0,0.19184564,1.2377138,0.002580599434299255,0.07927914137626672,0.01397863078474193,0.006236832481844166,0.0035181215,18.22083,4.2685866,0.7249889,0.48332596,0.49228674
2.0,0.19244967,1.2416108,0.0026331002442073655,0.08039365416578524,0.014210519688582668,0.0063112189559605715,0.0035642758,18.056005,4.249236,0.72397465,0.48264977,0.49162287
2.0,0.1930537,1.2455077,0.00268633186463891,0.08151567389608654,0.01444470143779597,0.006385705843879239,0.003610735,17.893545,4.2300763,0.7229723,0.48198155,0.49096686
2.0,0.19365773,1.2494047,0.00274030104637335,0.08264526352683917,0.014681198887068092,0.006460295747948042,0.0036574996,17.733414,4.211106,0.72198194,0.4813213,0.49031872
2.0,0.19426174,1.2533016,0.002795010313972546,0.08378243114497604,0.014920022470239713,0.006534991528322076,0.0037045677,17.575573,4.192323,0.7210036,0.48066902,0.4896784
2.0,0.19486578,1.2571986,0.0028504673527680827,0.08492729648403492,0.015161207305504297,0.0066098052472000485,0.003751944,17.419983,4.173725,0.7200369,0.48002464,0.48904592
2.0,0.1954698,1.2610954,0.0029066743029541177,0.08607983589699396,0.015404757133909541,0.006684734225047189,0.0037996238,17.26661,4.155311,0.7190822,0.47938812,0.48842114
2.0,0.19607383,1.2649925,0.0029636374904584545,0.08724013215222115,0.015650700058751355,0.006759787587375991,0.0038476086,17.115414,4.137078,0.7181393,0.47875956,0.4878042
2.0,0.19667786,1.2688894,0.0030213634099302417,0.08840826466684631,0.01589906078960146,0.006834970559810735,0.0038959025,16.966352,4.1190233,0.7172079,0.47813863,0.4871948
2.0,0.19728188,1.2727864,0.0030798541011742547,0.08958418589165526,0.016149838675760586,0.006910276372237822,0.003944498,16.819397,4.1011457,0.71628815,0.47752544,0.48659304
2.0,0.19788592,1.2766833,0.0031391180118371166,0.09076804864025187,0.016403076349881363,0.006985722314370012,0.003993402,16.674505,4.0834427,0.71537983,0.4769199,0.4859988
2.0,0.19848993,1.2805802,0.0031991576061181724,0.09195980122812815,0.01665877174431607,0.007061298925961553,0.004042609,16.531641,4.0659122,0.71448284,0.47632194,0.485412
2.0,0.19909397,1.2844772,0.003259979824318949,0.0931595364482306,0.016916955275844803,0.007137015802887956,0.0040921215,16.390776,4.0485525,0.7135973,0.47573155,0.4848327
2.0,0.19969799,1.2883741,0.0033215876169340594,0.0943672498378095,0.017177634227294344,0.0072128713764921665,0.0041419347,16.251875,4.0313616,0.71272296,0.47514865,0.48426077
2.0,0.20030202,1.2922711,0.0033839895175893533,0.09558301959330373,0.017440836239064672,0.0072888676862966125,0.0041920543,16.114893,4.014336,0.7118597,0.47457314,0.48369607
2.0,0.20090604,1.296168,0.0034471864325872244,0.09680680870158755,0.017706563339933368,0.007365004042171695,0.004242474,15.979816,3.9974763,0.71100765,0.47400507,0.48313874
2.0,0.20151007,1.3000649,0.003511188956245511,0.09803876496587807,0.017974854795556713,0.007441287926820181,0.0042931978,15.846591,3.9807777,0.7101663,0.4734442,0.48258847
2.0,0.20211409,1.3039619,0.0035759967101444143,0.09927877800191093,0.01824569928960884,0.007517709159175597,0.00434422,15.715203,3.9642406,0.709336,0.47289065,0.48204544
2.0,0.20271812,1.3078588,0.003641620019909705,0.10052702377303212,0.018519141802718964,0.007594281742989848,0.004395542,15.585609,3.9478614,0.7085163,0.4723442,0.4815094
2.0,0.20332214,1.3117558,0.0037080608373200735,0.10178340350572872,0.01879517375462414,0.007670991242663919,0.004447167,15.457782,3.9316385,0.7077072,0.4718048,0.48098028
2.0,0.20392618,1.3156527,0.0037753267121643642,0.10304802700218185,0.019073826577015396,0.007747846440522304,0.004499087,15.331689,3.91557,0.7069087,0.4712725,0.4804581
2.0,0.20453021,1.3195497,0.0038434218341667587,0.10432086476964525,0.019355104419891855,0.00782483891739158,0.004551303,15.207305,3.8996544,0.7061207,0.47074714,0.47994283
2.0,0.20513423,1.3234466,0.0039123499134051136,0.10560194465866392,0.019639024227582902,0.007901974487367562,0.0046038167,15.084601,3.88389,0.70534307,0.4702287,0.47943434
2.0,0.20573826,1.3273436,0.0039821195264029335,0.10689134387504892,0.019925611720522984,0.007979253141314185,0.0046566254,14.963544,3.868274,0.7045757,0.46971712,0.4789326
2.0,0.20634228,1.3312405,0.004052733210496392,0.10818901880274387,0.0202148669211053,0.008056667289616124,0.004709726,14.844108,3.8528051,0.70381844,0.4692123,0.47843748
2.0,0.20694631,1.3351375,0.004124198496158842,0.10949501150784868,0.020506810602508363,0.008134215114031836,0.00476312,14.726268,3.837482,0.70307136,0.46871424,0.47794902
2.0,0.20755033,1.3390344,0.00419651853056735,0.1108093260835981,0.02080145311066972,0.00821189751896767,0.0048168055,14.609995,3.8223023,0.7023342,0.4682228,0.4774671
2.0,0.20815437,1.3429314,0.004269701242183961,0.11213205098038502,0.021098823524025034,0.008289719797473151,0.004870781,14.495262,3.8072643,0.701607,0.467738,0.4769917
2.0,0.20875838,1.3468282,0.004343750320223962,0.11346313329374386,0.02139891879428779,0.008367667833615904,0.0049250447,14.38204,3.792366,0.70088947,0.46725965,0.47652262
2.0,0.20936242,1.3507253,0.004418672048108098,0.11480261608572827,0.021701762953564296,0.008445746809240004,0.004979599,14.270311,3.7776065,0.7001818,0.46678787,0.47606003
2.0,0.20996645,1.3546222,0.004494472647104752,0.11615053154236327,0.022007369158862033,0.008523951217547777,0.0050344397,14.160045,3.7629836,0.69948363,0.46632242,0.47560367
2.0,0.21057047,1.3585192,0.004571154069578819,0.1175068468449641,0.022315741611355078,0.00860227940261862,0.005089564,14.05122,3.7484956,0.6987951,0.46586338,0.4751536
2.0,0.2111745,1.3624161,0.004648725352166973,0.11887161787233488,0.022626903873066654,0.008680727816565734,0.0051449733,13.943812,3.7341413,0.698116,0.46541068,0.47470975
2.0,0.21177852,1.366313,0.004727189914903391,0.12024486497865083,0.022940867936104503,0.008759298191394331,0.0052006645,13.837795,3.7199187,0.6974462,0.46496412,0.47427195
2.0,0.21238256,1.37021,0.004806555195230783,0.1216265914759661,0.023257647851586682,0.008837982265894335,0.005256639,13.733147,3.705826,0.69678575,0.46452382,0.4738403
2.0,0.21298657,1.3741069,0.004886822781241339,0.12301677188721782,0.023577247667746385,0.008916779324022368,0.005312893,13.629854,3.6918633,0.69613457,0.4640897,0.47341472
2.0,0.2135906,1.378004,0.004968004161502928,0.12441552519976129,0.02389970330208069,0.008995690817571907,0.0053694304,13.527878,3.6780264,0.6954923,0.46366155,0.472995
2.0,0.21419464,1.3819009,0.005050100144357362,0.1258227982900713,0.024225013030424902,0.009074712597352815,0.0054262425,13.427211,3.664316,0.69485927,0.46323952,0.47258133
2.0,0.21479866,1.3857977,0.005133116646171253,0.12723858443321442,0.024553185828563473,0.009153835890049714,0.005483333,13.327825,3.6507294,0.6942351,0.4628234,0.47217342
2.0,0.2154027,1.3896948,0.005217061380872499,0.12866296962743443,0.024884253101093764,0.009233068958476268,0.0055407025,13.229701,3.6372657,0.69361985,0.46241322,0.47177136
2.0,0.21600671,1.3935916,0.0053019369854310945,0.13009588127224403,0.02521820550374299,0.009312394547449705,0.0055983425,13.132819,3.623923,0.6930133,0.4620089,0.47137505
2.0,0.21661074,1.3974887,0.005387752342864912,0.1315374403627602,0.025555083859752133,0.009391826831157399,0.00565626,13.037158,3.6107004,0.69241554,0.46161038,0.47098446
2.0,0.21721476,1.4013855,0.005474508326285819,0.13298757365586558,0.025894881527850355,0.0094713565489929,0.0057144496,12.942703,3.597597,0.6918265,0.46121767,0.47059962
2.0,0.2178188,1.4052825,0.005562216849551393,0.13444634134778258,0.026237621978934644,0.009550971430280466,0.0057729143,12.849425,3.5846095,0.6912459,0.4608306,0.47022027
2.0,0.21842282,1.4091794,0.005650876714638465,0.13591373524551634,0.02658331418707982,0.009630684043164427,0.0058316486,12.7573185,3.571739,0.6906739,0.46044928,0.46984655
2.0,0.21902685,1.4130764,0.005740498933439299,0.13738980365806008,0.026931979476937595,0.009710482676619697,0.005890654,12.666353,3.5589821,0.6901103,0.46007353,0.46947834
2.0,0.21963088,1.4169735,0.005831087047164457,0.13887458071545095,0.02728363668314604,0.009790375541652671,0.0059499308,12.576516,3.5463383,0.68955505,0.45970336,0.46911559
2.0,0.2202349,1.4208703,0.005922643514422285,0.14036796909822105,0.027638274206261308,0.009870343662994451,0.0060094744,12.487792,3.533807,0.6890081,0.45933875,0.46875829
2.0,0.22083893,1.4247673,0.006015181064035274,0.14187014362651543,0.027995939552696743,0.009950396360590922,0.0060692863,12.400154,3.5213852,0.68846923,0.4589795,0.46840626
2.0,0.22144295,1.4286642,0.006108696022738369,0.1433809735087162,0.02835661938110645,0.010030531312891347,0.006129365,12.3136015,3.5090742,0.68793875,0.45862582,0.46805972
2.0,0.22204699,1.4325612,0.0062032028121809185,0.14490061111820626,0.028720353737197724,0.010110745300654967,0.006189709,12.2281,3.49687,0.6874162,0.45827743,0.46771836
2.0,0.222651,1.4364581,0.006298700367420329,0.1464289376011268,0.0290871307501206,0.01019102964785961,0.0062503223,12.143645,3.4847734,0.6869017,0.45793444,0.46738228
2.0,0.22325504,1.4403551,0.006395200707217676,0.14796611645514465,0.029456994057599495,0.010271391935946467,0.0063111987,12.060212,3.4727817,0.686395,0.45759666,0.46705133
2.0,0.22385906,1.444252,0.006492702162297552,0.14951204118084954,0.029829933375176254,0.010351826888283601,0.0063723377,11.977796,3.4608953,0.6858963,0.4572642,0.46672562
2.0,0.22446309,1.448149,0.006591217387017391,0.1510668182111725,0.030205983479424377,0.010432331318372203,0.006433744,11.896368,3.4491112,0.6854054,0.4569369,0.46640494
2.0,0.22506712,1.4520459,0.006690747984940542,0.15263041339191769,0.030585148916191796,0.010512904961370171,0.0064954152,11.815925,3.43743,0.6849222,0.45661482,0.4660894
2.0,0.22567114,1.4559429,0.006791297936387792,0.1542028629274926,0.030967444064560864,0.010593550255397488,0.006557342,11.736445,3.4258497,0.68444675,0.45629784,0.4657789
2.0,0.22627518,1.4598398,0.006892877625762038,0.15578418816165307,0.03135289027313837,0.010674257395852253,0.006619536,11.657915,3.4143689,0.6839789,0.45598596,0.46547335
2.0,0.2268792,1.4637368,0.006995490515751119,0.15737441741124714,0.031741499173997934,0.010755027626744577,0.0066819894,11.580319,3.4029868,0.6835185,0.455679,0.46517265
2.0,0.22748323,1.4676337,0.0070991403650112,0.1589735201738706,0.032133284130591244,0.010835863035557641,0.006744706,11.503652,3.3917034,0.6830659,0.45537725,0.46487707
2.0,0.22808725,1.4715306,0.007203835196838779,0.16058155984397207,0.03252826131475306,0.010916755724236723,0.0068076816,11.427886,3.3805156,0.68262047,0.4550803,0.4645862
2.0,0.22869128,1.4754276,0.007309582206968027,0.16219860276698964,0.03292646222069173,0.010997715599787652,0.0068709184,11.353015,3.3694236,0.6821825,0.4547883,0.4643002
2.0,0.2292953,1.4793245,0.007416381833447204,0.16382457474692755,0.03332787973814355,0.011078734237801938,0.006934413,11.279028,3.3584263,0.68175185,0.45450124,0.46401897
2.0,0.22989933,1.4832215,0.007524245942228998,0.165459562371616,0.03373254573994644,0.011159807913259448,0.0069981692,11.205905,3.3475223,0.6813285,0.45421898,0.46374252
2.0,0.23050337,1.4871185,0.007633179147737742,0.16710361180864428,0.03414048157075067,0.011240944127537445,0.007062187,11.133635,3.3367102,0.6809122,0.45394146,0.4634707
2.0,0.23110738,1.4910153,0.007743181958934708,0.1687566323361232,0.03455167710020213,0.011322131223398004,0.0071264603,11.06221,3.3259902,0.68050313,0.45366874,0.4632036
2.0,0.23171142,1.4949124,0.00785426530258101,0.17041875073666085,0.0349661748335759,0.011403378925832867,0.0071909917,10.991615,3.3153605,0.6801012,0.45340082,0.46294117
2.0,0.23231544,1.4988092,0.007966430666842075,0.17208991251571482,0.035383972985987056,0.011484680985460832,0.0072557824,10.921839,3.3048205,0.67970634,0.45313758,0.46268335
2.0,0.23291947,1.5027063,0.008079690971789432,0.17377023779710024,0.03580511020316712,0.011566037287798828,0.007320834,10.852863,3.2943685,0.6793183,0.4528789,0.46243003
2.0,0.23352349,1.5066031,0.00819404456289685,0.17545964371641642,0.03622957767891676,0.011647443990226214,0.0073861396,10.784684,3.2840042,0.67893726,0.45262483,0.4621812
2.0,0.23412752,1.5105001,0.008309504159573818,0.1771582641242149,0.03665741895037655,0.011728906471655098,0.007451704,10.717282,3.273726,0.67856294,0.45237532,0.46193686
2.0,0.23473155,1.5143971,0.008426071228629253,0.17886604224871436,0.03708863403130103,0.01181042034541327,0.007517526,10.650653,3.2635338,0.67819554,0.45213035,0.46169698
2.0,0.23533557,1.518294,0.008543747715132943,0.1805829533789165,0.037523229763541506,0.011891986618142676,0.007583606,10.584786,3.2534268,0.677835,0.45189,0.4614616
2.0,0.2359396,1.522191,0.00866254884952538,0.18230917137155261,0.037961254540832996,0.011973607992256857,0.007649943,10.519662,3.2434027,0.677481,0.451654,0.4612305
2.0,0.23654363,1.5260879,0.008782472901319626,0.18404458360520276,0.03840269630794513,0.01205527760398625,0.007716539,10.455277,3.233462,0.6771336,0.45142242,0.46100372
2.0,0.23714766,1.5299848,0.008903529943571523,0.18578929705356026,0.03884759271306093,0.01213700288234636,0.0077833906,10.39162,3.2236035,0.676793,0.4511953,0.46078134
2.0,0.23775168,1.5338818,0.009025721662543335,0.1875432435332113,0.039295939065345786,0.01221877407771578,0.007850502,10.32868,3.2138264,0.6764588,0.45097256,0.46056324
2.0,0.23835571,1.5377787,0.009149060845270535,0.18930658584622492,0.03974778321103645,0.012300600675224843,0.007917868,10.266443,3.204129,0.6761311,0.45075408,0.4603493
2.0,0.23895973,1.5416757,0.009273547403590694,0.19107923347766032,0.040203117580420056,0.012382475369647976,0.007985494,10.204901,3.194511,0.6758098,0.45053986,0.46013954
2.0,0.23956376,1.5455726,0.009399190439336168,0.19286125899538212,0.040661972288026156,0.01246440097001765,0.008053375,10.144047,3.184972,0.67549497,0.45032996,0.45993406
2.0,0.2401678,1.5494696,0.009525996779412309,0.19465271763417188,0.04112437004082459,0.012546379702587658,0.008121515,10.083865,3.1755102,0.67518634,0.45012423,0.4597326
2.0,0.24077182,1.5533665,0.009653965739079626,0.19645349932043613,0.04159029848881968,0.012628401271580797,0.008189909,10.024354,3.166126,0.6748841,0.44992274,0.45953533
2.0,0.24137585,1.5572635,0.00978311155751202,0.19826380193667636,0.042059819234095075,0.012710484561559016,0.008258567,9.965498,3.1568177,0.6745881,0.4497254,0.4593421
2.0,0.24197987,1.5611604,0.00991343577084868,0.20008354198817643,0.04253291841486284,0.012792611102316803,0.00832748,9.907287,3.1475842,0.6742981,0.44953206,0.45915285
2.0,0.2425839,1.5650574,0.010044944822154199,0.20191279535010442,0.04300963242841415,0.012874797961951553,0.008396649,9.849718,3.138426,0.6740145,0.449343,0.45896772
2.0,0.24318792,1.5689543,0.010177645080370397,0.2037515433125715,0.043489963467011394,0.012957028225900204,0.008466076,9.792776,3.1293411,0.6737368,0.44915786,0.4587865
2.0,0.24379195,1.5728513,0.010311544032816488,0.20559983602479212,0.04397394231317575,0.013039310214726287,0.008535763,9.736457,3.1203296,0.67346525,0.44897684,0.45860925
2.0,0.24439597,1.5767481,0.010446646604153268,0.20745772330363538,0.04446158461927041,0.013121644806810606,0.008605706,9.680746,3.1113896,0.67319953,0.44879967,0.4584358
2.0,0.245,1.5806452,0.010582960076579722,0.20932520954426312,0.044952912377736354,0.013204032147997188,0.008675909,9.625639,3.1025214,0.67293984,0.44862655,0.45826632
3.0,0.155,1.0,0.0008356078115460137,0.03360496983423326,0.00541632206748599,0.0029094986328479493,0.0022433538,28.034904,5.2948,0.7458798,0.49725327,0.50596744
3.0,0.15560403,1.003897,0.000860193899132442,0.03420417653321442,0.005530941202218754,0.002950359504821428,0.0022896305,27.699844,5.2630644,0.7442985,0.496199,0.5049314
3.0,0.15620805,1.0077939,0.0008852292840294888,0.03481585426489357,0.005648120548667646,0.002992432696579179,0.0023362709,27.372383,5.231862,0.74275804,0.49517202,0.50392216
3.0,0.15681209,1.0116909,0.0009107232065750046,0.03544101219899463,0.005768033442053232,0.0030358638223282183,0.002383272,27.052143,5.2011676,0.74125564,0.49417043,0.50293803
3.0,0.1574161,1.0155878,0.0009366841211842579,0.03608041394896571,0.005890812917709098,0.003080760554156325,0.0024306255,26.738775,5.170955,0.7397885,0.49319232,0.501977
3.0,0.15802014,1.0194848,0.0009631224145729246,0.0367347153072421,0.006016580141833705,0.0031272128981149313,0.0024783292,26.431938,5.1412,0.7383539,0.49223593,0.50103736
3.0,0.15862416,1.0233817,0.0009900468569140396,0.037404336214112946,0.0061454154949964765,0.0031752749242543576,0.0025263724,26.131306,5.111879,0.73694915,0.49129945,0.50011736
3.0,0.15922819,1.0272787,0.001017468084846691,0.038089608670796714,0.006277389836771008,0.003224985582230935,0.0025747502,25.836586,5.08297,0.735572,0.4903813,0.49921545
3.0,0.15983221,1.0311755,0.0010453955952199549,0.03879066178048977,0.006412538864370876,0.0032763520787110114,0.002623454,25.54749,5.0544524,0.73421973,0.4894798,0.49832994
3.0,0.16043624,1.0350726,0.0010738405584360424,0.03950756694094838,0.006550892370848937,0.0033293706955408097,0.0026724788,25.26374,5.0263047,0.73289025,0.48859352,0.4974594
3.0,0.16104028,1.0389695,0.0011028123058381895,0.04024022505017297,0.006692451709977676,0.0033840147924631076,0.0027218182,24.985115,4.9985113,0.7315816,0.4877211,0.49660257
3.0,0.1616443,1.0428665,0.0011323206070291425,0.040988487096774086,0.006837210844044706,0.0034402490229572787,0.0027714686,24.711372,4.9710536,0.73029184,0.48686123,0.49575812
3.0,0.16224833,1.0467634,0.00116237615751844,0.04175212534950468,0.006985150916105355,0.0034980224435500343,0.002821425,24.442316,4.9439173,0.72901934,0.48601288,0.49492502
3.0,0.16285235,1.0506603,0.0011929876017651659,0.04253082694032824,0.0071362396587384405,0.003557276853442943,0.0028716857,24.177757,4.9170885,0.72776246,0.48517498,0.49410224
3.0,0.16345638,1.0545573,0.0012241663636263262,0.04332430412680275,0.00729044914577992,0.003617950054900942,0.0029222507,23.917505,4.8905525,0.7265198,0.48434654,0.49328876
3.0,0.1640604,1.0584542,0.0012559191339028897,0.044132134300295243,0.007447728615338711,0.0036799712136300422,0.002973117,23.661442,4.8643026,0.72529054,0.483527,0.49248412
3.0,0.16466443,1.0623512,0.0012882586824642906,0.044954003315469206,0.0076080458868829645,0.0037432698394900925,0.0030242903,23.40937,4.838323,0.7240729,0.48271525,0.49168715
3.0,0.16526845,1.066248,0.0013211894310711286,0.04578942187140278,0.007771338503963609,0.003807770210750223,0.0030757657,23.16122,4.8126106,0.72286683,0.48191124,0.49089783
3.0,0.16587248,1.070145,0.0013547237287867859,0.04663806482077465,0.007937573190966773,0.0038734020046064157,0.0031275535,22.916832,4.787153,0.72167104,0.48111403,0.49011523
3.0,0.16647652,1.0740421,0.0013888693700479624,0.04749953265674738,0.008106701616562906,0.003940093506419018,0.003179656,22.676102,4.761943,0.72048473,0.48032317,0.48933893
3.0,0.16708054,1.0779389,0.001423631876130387,0.04837334868933897,0.008278662297167672,0.00400776666877651,0.003232072,22.438961,4.736978,0.71930796,0.47953865,0.48856887
3.0,0.16768457,1.081836,0.0014590230804947973,0.04925923914484982,0.008453429212542551,0.004076359971058159,0.003284814,22.20528,4.712248,0.7181396,0.4787597,0.48780438
3.0,0.16828859,1.0857328,0.0014950471869766854,0.05015676065587059,0.008630946065520284,0.004145804504590228,0.003337883,21.975014,4.6877513,0.7169797,0.47798648,0.4870455
3.0,0.16889262,1.0896298,0.001531714017789467,0.05106560063349079,0.008811179433481087,0.004216037380112686,0.0033912875,21.74807,4.6634827,0.71582794,0.47721866,0.48629197
3.0,0.16949664,1.0935267,0.0015690298451539418,0.051985417063501085,0.008994088615672136,0.00428699908021031,0.0034450337,21.524378,4.639437,0.71468395,0.476456,0.48554355
3.0,0.17010067,1.0974237,0.0016070027944769076,0.05291591645731996,0.009179644207681192,0.0043586358242504696,0.0034991316,21.303879,4.6156125,0.71354765,0.47569847,0.48480025
3.0,0.17070471,1.1013207,0.0016456400733939332,0.053856813241951046,0.009367812343343884,0.004430892123162085,0.0035535847,21.086498,4.592004,0.7124188,0.47494587,0.4840618
3.0,0.17130873,1.1052176,0.0016849457267357527,0.05480776224214447,0.009558553109398349,0.0045037159291910905,0.0036083995,20.872215,4.568612,0.7112977,0.47419846,0.48332846
3.0,0.17191276,1.1091145,0.001724929854025962,0.05576860000776173,0.00975185629093167,0.004577066728853785,0.0036635876,20.660946,4.545431,0.71018386,0.47345594,0.48260003
3.0,0.17251678,1.1130115,0.0017655970162413811,0.05673903710155309,0.009947688555053735,0.004650897506329592,0.0037191545,20.452648,4.5224605,0.7090776,0.47271836,0.48187643
3.0,0.17312081,1.1169084,0.0018069546988889547,0.057718905541828965,0.010146038227195175,0.004725174130528312,0.0037751074,20.247276,4.499697,0.7079787,0.47198585,0.48115784
3.0,0.17372483,1.1208054,0.001849008008469353,0.058707945005774906,0.010346875017640977,0.004799850992232919,0.0038314522,20.04479,4.477141,0.7068874,0.4712583,0.4804442
3.0,0.17432886,1.1247023,0.0018917650734901527,0.059706054165024634,0.010550200450978762,0.004874905230508304,0.0038882007,19.845135,4.4547877,0.70580375,0.4705358,0.47973555
3.0,0.17493288,1.1285993,0.001935229811237451,0.06071299923910989,0.010755986712759957,0.004950297279047604,0.0039453544,19.648281,4.432638,0.7047277,0.46981847,0.479032
3.0,0.17553692,1.1324962,0.0019794101384107924,0.06172868479424562,0.010964236951667372,0.005026006536434995,0.004002927,19.454182,4.4106894,0.70365953,0.46910635,0.47833356
3.0,0.17614095,1.1363932,0.002024311292363831,0.06275294312842239,0.011174932737079868,0.005101998859988375,0.0040609166,19.262798,4.3889403,0.70259917,0.46839947,0.47764033
3.0,0.17674497,1.1402901,0.0020699382737548837,0.0637856611022263,0.011388071804843913,0.005178256983579262,0.004119335,19.074093,4.3673897,0.70154685,0.46769786,0.47695234
3.0,0.177349,1.1441871,0.002116298593501156,0.06482673303992267,0.011603648843009129,0.00525475306250566,0.0041781855,18.88803,4.346036,0.7005025,0.46700168,0.4762697
3.0,0.17795302,1.148084,0.0021633965889583636,0.06587604662204806,0.01182165926738854,0.005331469500513449,0.004237475,18.704567,4.3248777,0.69946635,0.4663109,0.47559237
3.0,0.17855705,1.151981,0.002211239951720789,0.06693356394280278,0.01204211085533241,0.005408391000170045,0.004297209,18.523666,4.303913,0.6984384,0.4656256,0.47492048
3.0,0.17916107,1.1558778,0.00225983137209036,0.06799912990188517,0.012264989740629062,0.005485495624357982,0.00435739,18.345308,4.2831426,0.697419,0.464946,0.4742542
3.0,0.1797651,1.1597749,0.0023091796907603263,0.06907275002296837,0.012490309793297794,0.005562770721016815,0.0044180234,18.169437,4.2625623,0.69640803,0.46427202,0.47359344
3.0,0.18036912,1.1636717,0.0023592876472467417,0.07015429931588532,0.012718063171079208,0.005640200229338983,0.0044791135,17.996037,4.2421737,0.6954057,0.46360382,0.47293842
3.0,0.18097316,1.1675688,0.002410164592651943,0.07124381187957479,0.012948268491950465,0.005717774713994636,0.004540665,17.825048,4.221972,0.69441193,0.4629413,0.47228897
3.0,0.18157719,1.1714658,0.002461813723705371,0.07234117158625104,0.01318091953061995,0.005795478359503837,0.004602683,17.656458,4.2019587,0.69342697,0.46228462,0.47164533
3.0,0.18218121,1.1753626,0.002514239667737303,0.07344635230262017,0.013416020955459573,0.005873301952247664,0.004665164,17.490227,4.182132,0.6924508,0.4616339,0.47100753
3.0,0.18278524,1.1792597,0.002567449843345507,0.07455932491050268,0.013653582656667163,0.005951233126630642,0.0047281138,17.326323,4.16249,0.69148374,0.46098915,0.47037566
3.0,0.18338926,1.1831565,0.002621447388392617,0.07568003010317227,0.013893604629640288,0.006029262464462438,0.004791533,17.164717,4.143032,0.69052577,0.4603505,0.46974975
3.0,0.1839933,1.1870536,0.002676242856257963,0.07680853382726242,0.014136112156164282,0.0061073835873903925,0.00485543,17.005356,4.123755,0.68957657,0.4597177,0.46912962
3.0,0.18459731,1.1909504,0.0027318348906586612,0.0779447039170928,0.014381091493188336,0.0061855868212123515,0.0049197963,16.848236,4.1046605,0.68863684,0.45909122,0.46851572
3.0,0.18520135,1.1948473,0.002788236045108292,0.07908863178060055,0.014628572061749614,0.006263863926424737,0.0049846414,16.693296,4.085743,0.687706,0.45847067,0.4679077
3.0,0.18580537,1.1987443,0.002845445729211498,0.08024019331125701,0.014878543110239173,0.00634220592260468,0.0050499626,16.540531,4.067005,0.6867847,0.45785648,0.46730587
3.0,0.1864094,1.2026412,0.002903473487376333,0.08139946332151211,0.015131028739494568,0.006420608277365569,0.00511576,16.389893,4.0484433,0.6858727,0.45724845,0.46671018
3.0,0.18701343,1.2065383,0.002962324487293661,0.08256642204123807,0.0153860356685398,0.006499062206658817,0.005182035,16.24135,4.030056,0.6849699,0.4566466,0.46612054
3.0,0.18761745,1.2104352,0.003022000794801185,0.08374100341543954,0.015643564684478806,0.0065775623000752514,0.0052487864,16.094885,4.011843,0.68407667,0.45605114,0.4655372
3.0,0.18822148,1.2143321,0.0030825121136922357,0.08492329755227832,0.01590364259451471,0.006656106253438003,0.0053160163,15.95045,3.9938014,0.68319285,0.45546192,0.46495998
3.0,0.1888255,1.218229,0.0031438599937493603,0.08611321460597136,0.01616626025099055,0.006734680269742468,0.005383717,15.808034,3.975932,0.6823186,0.45487908,0.4643891
3.0,0.18942954,1.222126,0.0032060537447872912,0.08731081994743245,0.016431445704027103,0.00681328446966523,0.0054518976,15.66759,3.9582307,0.6814538,0.45430255,0.4638244
3.0,0.19003356,1.226023,0.003269095768357078,0.08851608049933371,0.016699199285465482,0.006891911980394249,0.0055205505,15.529098,3.9406977,0.68059856,0.45373237,0.46326593
3.0,0.19063759,1.2299199,0.003332994163120224,0.0897290326161546,0.016969540742877598,0.006970558253516926,0.0055896784,15.39252,3.9233303,0.6797529,0.4531686,0.46271375
3.0,0.19124162,1.2338169,0.003397755324014719,0.09094970754439655,0.01724248415645757,0.0070492181844134146,0.0056592803,15.257825,3.9061265,0.6789165,0.452611,0.46216768
3.0,0.19184564,1.2377138,0.0034633791632525893,0.0921780058572569,0.017518021064867884,0.007127883575110116,0.005729349,15.125003,3.8890877,0.67809,0.45205998,0.46162805
3.0,0.19244967,1.2416108,0.0035298762700057456,0.09341404366171555,0.017796186285985453,0.007206557475968215,0.005799889,14.994014,3.8722105,0.677273,0.45151535,0.46109474
3.0,0.1930537,1.2455077,0.0035972495637518276,0.09465777591663678,0.018076977368467473,0.007285228677211989,0.005870895,14.86483,3.8554935,0.6764656,0.45097706,0.46056762
3.0,0.19365773,1.2494047,0.0036655077261271212,0.09590927119363585,0.018360421010696237,0.0073638978323148745,0.00594237,14.737415,3.8389342,0.6756676,0.4504451,0.46004677
3.0,0.19426174,1.2533016,0.003734650905070192,0.09716843298904958,0.018646505121454826,0.00744255240624425,0.0060143024,14.611762,3.8225334,0.6748795,0.44991967,0.45953232
3.0,0.19486578,1.2571986,0.003804690809338908,0.098435397423031,0.018935269668516996,0.007521197240500273,0.0060867025,14.487826,3.8062878,0.67410076,0.4494005,0.45902404
3.0,0.1954698,1.2610954,0.00387562790783198,0.09971008467063308,0.019226705147212808,0.007599821423716867,0.006159559,14.365591,3.7901967,0.6733316,0.44888777,0.45852205
3.0,0.19607383,1.2649925,0.003947470619937435,0.10099256152748992,0.019520838769961912,0.007678426910149607,0.006232875,14.245027,3.7742584,0.6725722,0.44838145,0.45802638
3.0,0.19667786,1.2688894,0.004020223601918935,0.10228284268356024,0.019817680254289538,0.007757009448532734,0.006306646,14.12611,3.7584717,0.6718223,0.44788152,0.457537
3.0,0.19728188,1.2727864,0.004093891180774303,0.1035809040021381,0.020117233808652712,0.007835560266329804,0.0063808686,14.008812,3.7428348,0.67108184,0.4473879,0.4570538
3.0,0.19788592,1.2766833,0.004168481939988304,0.10488682762082391,0.020419528460321135,0.007914082640356222,0.0064555453,13.893108,3.727346,0.67035097,0.44690064,0.45657685
3.0,0.19848993,1.2805802,0.004243998172003711,0.10620055827229422,0.02072455999200051,0.007992565475989376,0.006530669,13.778976,3.7120044,0.6696295,0.4464197,0.45610613
3.0,0.19909397,1.2844772,0.00432044802377978,0.10752217567506372,0.021032356447463485,0.008071012376124145,0.0066062403,13.666389,3.696808,0.6689176,0.44594508,0.4556416
3.0,0.19969799,1.2883741,0.0043978347855569274,0.10885165949994258,0.021342922281896604,0.008149417925225822,0.006682257,13.555326,3.6817558,0.6682151,0.44547674,0.45518324
3.0,0.20030202,1.2922711,0.004476166098150319,0.11018905689942732,0.021656276545245268,0.00822777825079431,0.0067587136,13.44576,3.666846,0.66752213,0.44501474,0.45473108
3.0,0.20090604,1.296168,0.004555444031673179,0.11153433410842808,0.02197242565073232,0.008306093555712782,0.0068356143,13.337676,3.6520784,0.6668386,0.44455904,0.45428514
3.0,0.20151007,1.3000649,0.00463568012900892,0.11288760965587633,0.022291397194766027,0.008384356807739267,0.00691295,13.231038,3.6374495,0.6661643,0.4441095,0.45384523
3.0,0.20211409,1.3039619,0.004716873902637511,0.11424877752364339,0.022613183249160396,0.008462561541247863,0.006990721,13.125833,3.6229591,0.6654994,0.44366625,0.4534115
3.0,0.20271812,1.3078588,0.0047990361995004375,0.11561801209638661,0.022937831126333855,0.008540722527832542,0.00706893,13.022031,3.6086051,0.66484374,0.44322914,0.4529838
3.0,0.20332214,1.3117558,0.004882167809140481,0.11699521386585157,0.02326532727137876,0.008618823843957315,0.00714757,12.919619,3.594387,0.6641974,0.44279826,0.45256218
3.0,0.20392618,1.3156527,0.004966278226734845,0.11838044596192715,0.023595697157355214,0.00869686247715068,0.0072266413,12.818571,3.5803032,0.66356033,0.44237354,0.45214665
3.0,0.20453021,1.3195497,0.005051372496581724,0.11977376963520356,0.023928961096476575,0.008774843606731404,0.007306141,12.718863,3.5663514,0.6629324,0.4419549,0.45173708
3.0,0.20513423,1.3234466,0.005137452552049477,0.12117513419358396,0.024265119613789743,0.00885276195764131,0.007386065,12.6204815,3.5525317,0.6623137,0.44154245,0.45133355
3.0,0.20573826,1.3273436,0.005224528194814933,0.1225846038870572,0.024604197547117734,0.008930612962672935,0.007466416,12.523401,3.5388417,0.6617041,0.4411361,0.45093602
3.0,0.20634228,1.3312405,0.00531260237202236,0.12400220185113126,0.02494620917490753,0.009008402058840452,0.007547192,12.427602,3.5252805,0.6611036,0.44073573,0.4505444
3.0,0.20694631,1.3351375,0.005401683296990693,0.1254279619812326,0.02529117030494099,0.00908612041396891,0.0076283864,12.333066,3.5118465,0.6605122,0.44034147,0.4501587
3.0,0.20755033,1.3390344,0.005491773954470064,0.12686188533977452,0.0256390929718846,0.009163771108474408,0.0077100024,12.239771,3.4985385,0.65992975,0.43995318,0.44977888
3.0,0.20815437,1.3429314,0.005582883329427158,0.1283040391179824,0.025990003057104638,0.009241353068823163,0.007792039,12.147698,3.485355,0.6593563,0.43957087,0.44940493
3.0,0.20875838,1.3468282,0.005675013585977177,0.12975441306080054,0.02634390690182875,0.009318866143897219,0.007874492,12.056831,3.4722948,0.6587918,0.4391945,0.4490368
3.0,0.20936242,1.3507253,0.005768173587409446,0.13121307354736556,0.026700831540704906,0.009396310778476566,0.0079573635,11.96715,3.4593568,0.65823615,0.4388241,0.4486745
3.0,0.20996645,1.3546222,0.005862369128060415,0.13268002575864943,0.02706078537139711,0.009473677987215868,0.00804065,11.878631,3.446539,0.6576892,0.43845946,0.44831792
3.0,0.21057047,1.3585192,0.005957601022660042,0.13415525127215933,0.0274237771919722,0.00955097412399207,0.008124349,11.791265,3.433841,0.65715116,0.43810079,0.4479671
3.0,0.2111745,1.3624161,0.006053879566460834,0.1356388527640146,0.02778984015181041,0.00962820145242791,0.00820846,11.705031,3.4212615,0.656622,0.437748,0.4476221
3.0,0.21177852,1.366313,0.006151210894279931,0.13713083158507858,0.02815898095678104,0.009705348273941247,0.008292983,11.6199045,3.4087982,0.65610117,0.43740076,0.44728255
3.0,0.21238256,1.37021,0.006249597804650917,0.13863121738540468,0.028531226541478102,0.009782433127525351,0.00837792,11.53588,3.396451,0.6555893,0.43705955,0.44694886
3.0,0.21298657,1.3741069,0.006349047766920827,0.14014001044007338,0.028906579688685707,0.009859436387923227,0.008463267,11.452934,3.3842185,0.65508586,0.43672392,0.44662067
3.0,0.2135906,1.378004,0.006449568885982519,0.1416572875723533,0.02928507041922479,0.009936363761277232,0.008549023,11.371047,3.3720982,0.65459096,0.436394,0.44629806
3.0,0.21419464,1.3819009,0.006551164993498653,0.14318311171297002,0.02966672634570411,0.01001323136520815,0.008635193,11.290207,3.3600903,0.6541046,0.43606973,0.445981
3.0,0.21479866,1.3857977,0.006653838738419781,0.14471739142888285,0.030051534320105766,0.010090018104846422,0.008721767,11.210401,3.3481936,0.6536267,0.4357511,0.44566947
3.0,0.2154027,1.3896948,0.006757602910447387,0.14626029213679037,0.03043954238414326,0.010166733652801095,0.008808749,11.131602,3.3364055,0.653157,0.435438,0.44536334
3.0,0.21600671,1.3935916,0.006862455061314188,0.14781170829118342,0.030830744733115423,0.010243379549172857,0.008896141,11.05381,3.324727,0.6526959,0.4351306,0.4450628
3.0,0.21661074,1.3974887,0.006968410663053956,0.14937180995589444,0.03122518347669589,0.010319951487534024,0.008983942,10.976993,3.3131545,0.65224284,0.43482855,0.44476748
3.0,0.21721476,1.4013855,0.007075465440736685,0.15094049825571024,0.03162285086039196,0.010396454538181905,0.009072145,10.901151,3.3016891,0.6517982,0.43453214,0.44447768
3.0,0.2178188,1.4052825,0.007183634529121437,0.15251792642016446,0.03202379307667824,0.010472889489313929,0.009160759,10.826258,3.2903278,0.65136164,0.4342411,0.44419315
3.0,0.21842282,1.4091794,0.007292916801510863,0.15410402519771182,0.03242800744150354,0.010549257036970947,0.00924978,10.752306,3.2790709,0.6509332,0.4339555,0.44391397
3.0,0.21902685,1.4130764,0.007403324418502343,0.15569891140786146,0.03283552952444002,0.010625556268932992,0.009339209,10.679276,3.2679162,0.6505129,0.43367526,0.44364002
3.0,0.21963088,1.4169735,0.0075148610127588255,0.15730258007336578,0.033246371044651224,0.010701788006374748,0.009429044,10.607156,3.2568629,0.6501005,0.43340033,0.4433713
3.0,0.2202349,1.4208703,0.007627529406081494,0.15891502270167013,0.03366054132231277,0.010777953104068289,0.009519285,10.5359335,3.2459102,0.6496961,0.43313074,0.44310775
3.0,0.22083893,1.4247673,0.007741340959679866,0.16053635198578609,0.03407808008233548,0.010854057203295884,0.009609936,10.4655905,3.2350564,0.6492996,0.4328664,0.44284937
3.0,0.22144295,1.4286642,0.00785629417435734,0.162166512402423,0.03449898507775817,0.010930102554686148,0.00970099,10.396123,3.2243018,0.64891106,0.4326074,0.44259623
3.0,0.22204699,1.4325612,0.007972404928691975,0.1638056442196474,0.0349232998380995,0.011006085052023572,0.009792455,10.327505,3.2136436,0.64853024,0.4323535,0.44234806
3.0,0.222651,1.4364581,0.008089673098097322,0.16545365349347996,0.03535101450501088,0.011081995210718912,0.009884326,10.259728,3.2030811,0.648157,0.43210468,0.44210485
3.0,0.22325504,1.4403551,0.008208106961196867,0.16711069806115725,0.035782182153157656,0.011157861269567054,0.009976608,10.192785,3.192614,0.6477916,0.4318611,0.4418668
3.0,0.22385906,1.444252,0.008327709908599795,0.16877668508536245,0.036216789095129265,0.01123365936932988,0.010069297,10.126658,3.1822412,0.6474338,0.43162256,0.44163364
3.0,0.22446309,1.448149,0.008448493308719133,0.17045178596275934,0.03665488969794217,0.011309409771784774,0.010162396,10.0613365,3.171961,0.64708364,0.43138906,0.44140545
3.0,0.22506712,1.4520459,0.008570459342923917,0.17213594464658472,0.03709648458800108,0.011385106559229325,0.010255907,9.996809,3.161773,0.646741,0.43116063,0.4411822
3.0,0.22567114,1.4559429,0.00869361288979963,0.1738291619830478,0.037541580572777455,0.011460741903378566,0.010349821,9.93306,3.1516757,0.6464057,0.43093714,0.44096377
3.0,0.22627518,1.4598398,0.00881796527758945,0.17553159384202055,0.03799023433971671,0.011536338506948358,0.010444153,9.87008,3.1416683,0.6460779,0.4307186,0.4407502
3.0,0.2268792,1.4637368,0.008943518140152748,0.17724315463718396,0.03844243120641466,0.011611876785956418,0.010538891,9.807857,3.1317499,0.6457574,0.43050492,0.4405414
3.0,0.22748323,1.4676337,0.009070281816533946,0.17896396576997153,0.03889822421962186,0.011687378770020018,0.010634052,9.746381,3.1219194,0.6454442,0.43029612,0.44033736
3.0,0.22808725,1.4715306,0.009198257100232254,0.18069393809810486,0.03935759066947142,0.011762819368774657,0.010729615,9.685639,3.112176,0.64513826,0.43009216,0.44013804
3.0,0.22869128,1.4754276,0.009327456422437342,0.1824332764494452,0.03982060322545423,0.011838233958142201,0.010825599,9.625622,3.1025186,0.6448395,0.42989302,0.43994346
3.0,0.2292953,1.4793245,0.009457880570137942,0.18418181725311933,0.04028722723918565,0.011913585528771826,0.0109219905,9.5663185,3.0929465,0.6445479,0.42969862,0.4397535
3.0,0.22989933,1.4832215,0.009589543139209294,0.18593979985954184,0.04075753792144421,0.011988908503816328,0.0110188015,9.507713,3.083458,0.64426327,0.42950886,0.4395681
3.0,0.23050337,1.4871185,0.00972244522313043,0.18770711897386827,0.04123152197065538,0.012064186301264091,0.011116027,9.449802,3.074053,0.64398575,0.42932385,0.4393873
3.0,0.23110738,1.4910153,0.009856592921752788,0.18948385516279687,0.04170921112396231,0.012139432358703947,0.01121367,9.3925705,3.0647302,0.6437151,0.4291434,0.439211
3.0,0.23171142,1.4949124,0.009991994654853165,0.1912700013371818,0.04219061986672523,0.012214635902165736,0.01131173,9.336014,3.055489,0.64345145,0.42896765,0.4390393
3.0,0.23231544,1.4988092,0.010128652198131086,0.1930656071758992,0.04267577027362046,0.012289813679227202,0.0114102075,9.280119,3.0463288,0.64319474,0.4287965,0.43887207
3.0,0.23291947,1.5027063,0.010266582756438498,0.19487074786534925,0.04316469343718188,0.012364945167866383,0.0115091065,9.224871,3.0372472,0.64294463,0.42862976,0.43870914
3.0,0.23352349,1.5066031,0.01040577992197517,0.19668539323507206,0.04365739835417415,0.012440058588248638,0.011608425,9.170269,3.0282452,0.6427014,0.4284676,0.4385507
3.0,0.23412752,1.5105001,0.010546261192994276,0.1985096640695571,0.04415392538250984,0.01251514180352701,0.0117081655,9.116297,3.0193205,0.6424648,0.42830986,0.4383966
3.0,0.23473155,1.5143971,0.010688026744172756,0.20034348118965947,0.044654274025466734,0.012590193792948463,0.011808331,9.06295,3.0104735,0.6422349,0.4281566,0.43824688
3.0,0.23533557,1.518294,0.010831084847341674,0.20218697896120588,0.04515848005563683,0.012665225513611808,0.011908919,9.010214,3.0017018,0.6420114,0.42800763,0.43810132
3.0,0.2359396,1.522191,0.010975442868720228,0.20404010025359026,0.045666551755703104,0.012740223149542422,0.012009929,8.958086,2.9930062,0.6417946,0.4278631,0.43796012
3.0,0.23654363,1.5260879,0.01112110288969844,0.20590289637592565,0.04617851429165354,0.012815205622558216,0.012111367,8.906554,2.984385,0.6415843,0.4277229,0.43782315
3.0,0.23714766,1.5299848,0.011268078546159771,0.20777547065357926,0.0466944040338646,0.012890168395385287,0.01221323,8.85561,2.9758377,0.6413804,0.42758697,0.43769038
3.0,0.23775168,1.5338818,0.0114163713899267,0.2096577380681391,0.047214214496953844,0.01296510032717374,0.01231552,8.805243,2.9673629,0.64118284,0.42745525,0.4375617
3.0,0.23835571,1.5377787,0.011565994198721069,0.21154985753899835,0.04773800015551232,0.013040017559349117,0.012418243,8.7554455,2.9589603,0.64099157,0.4273277,0.4374371
3.0,0.23895973,1.5416757,0.011716941369099355,0.21345171417455366,0.04826574421539842,0.013114920108100357,0.012521387,8.706216,2.9506297,0.64080673,0.4272045,0.43731672
3.0,0.23956376,1.5455726,0.011869234565736098,0.2153635187585744,0.048797518112134064,0.013189814414925768,0.0126249725,8.657535,2.942369,0.6406279,0.4270853,0.4372003
3.0,0.2401678,1.5494696,0.012022873871383783,0.2172851920386844,0.04933330735889286,0.01326468574474151,0.012728984,8.6094,2.9341779,0.6404553,0.42697024,0.4370879
3.0,0.24077182,1.5533665,0.01217786078274577,0.21921670566287244,0.04987312663099375,0.013339544282756438,0.012833429,8.561807,2.9260566,0.64028895,0.4268593,0.4369795
3.0,0.24137585,1.5572635,0.012334209918885916,0.22115824035629,0.050417036718570334,0.013414406961912588,0.012938313,8.514745,2.9180036,0.6401286,0.42675242,0.4368751
3.0,0.24197987,1.5611604,0.012491925861372589,0.22310970908704209,0.0509650170576168,0.013489239473499032,0.013043626,8.4682,2.9100173,0.6399741,0.42664942,0.4367745
3.0,0.2425839,1.5650574,0.012651014381476231,0.2250711959618817,0.051517119939756384,0.013564076795327687,0.013149382,8.422174,2.9020982,0.63982576,0.42655054,0.4366779
3.0,0.24318792,1.5689543,0.012811481454746622,0.22704267942415723,0.05207333910303258,0.013638894738792713,0.01325557,8.376656,2.8942451,0.63968325,0.4264555,0.43658507
3.0,0.24379195,1.5728513,0.012973336913460866,0.2290242899160764,0.05263373161217011,0.013713720871787509,0.013362199,8.33164,2.8864582,0.6395467,0.42636445,0.43649614
3.0,0.24439597,1.5767481,0.013136582597839874,0.2310159143987272,0.053198278624336126,0.013788530830816506,0.013469265,8.287117,2.8787353,0.63941586,0.42627725,0.436411
3.0,0.245,1.5806452,0.013301233687539868,0.23301773473901966,0.05376704196918957,0.013863340906569967,0.013576775,8.24308,2.8710766,0.63929087,0.4261939,0.43632954
